;;Dim 10;dim 10;dim 10;Dim 18;Subtipos;;
n;Name;prede1g1_T;prede1g1_logT;prede1g1_logg;prede1g1_meta;[,1];[,2];[,3]
1;2MASP_J0152096p340037.7381.txt;2429,593;3,379475;-3,541081;-0,3725560661;M9;M7;M9
2;2MASP_J0338549p223153.7202.txt;2321,067;3,357488;-3,38349;-0,1170824244;M9;M8;M9
3;2MASP_J0339528p245728.7243.txt;2348,615;3,365113;-3,724282;-0,6218463403;M9;M8;M9
4;2MASP_J0354013p231635.7201.txt;2330,818;3,360826;-3,485348;-0,4822084726;M9;M8;M9
5;2MASP_J0851204p102825.7247.txt;2468,934;3,381021;-3,287124;-0,1913513472;M9;M7;M9
6;2MASP_J1007435p113432.7405.txt;2614,483;3,413126;-3,6656;-0,3913218996;M7;M5;M8
7;2MASP_J1242464p292619.7205.txt;2295,835;3,35237;-3,207138;-0,0983616148;M9;M9;M9
8;2MASP_J1254370p253850.7206.txt;2410,954;3,371694;-3,512502;-0,3335066844;M9;M7;M9
9;2MASP_J1256227p283047.7204.txt;2350,411;3,364977;-3,995701;-0,3951888202;M9;M8;M9
10;2MASP_J2234330p291850.7453.txt;2343,393;3,364483;-3,492163;-0,2548275556;M9;M8;M9
11;BRI_0021-0214.7128.txt;2245,008;3,347763;-3,962326;-0,2879237024;M9;M9;M9
12;BRI_0954-0946.7249.txt;2418,963;3,372947;-3,351532;-0,0802631567;M9;M7;M9
13;BRI_1219-1336.7304.txt;2440,43;3,376513;-3,437268;-0,0401868221;M9;M7;M9
14;BRI_1222-1222.7092.txt;2370,508;3,367531;-3,633043;-0,4838230033;M9;M8;M9
15;BRI_1408-0730.7324.txt;2380,067;3,366318;-3,495133;0,0340480969;M9;M8;M9
16;BRI_1430-1042.7325.txt;2408,955;3,370861;-3,415917;-0,0379552446;M9;M7;M9
17;BRI_1443-0703.7326.txt;2423,735;3,373484;-3,401253;0,0002979336;M9;M7;M9
18;BRI_1506p0947.7327.txt;2405,868;3,370555;-3,435301;0,0124576481;M9;M7;M9
19;BRI_2128-0747.7372.txt;2414,705;3,371995;-3,384711;-0,013953225;M9;M7;M9
20;BRI_2200p0209(VY_Peg).7373.txt;2424,876;3,374277;-3,36311;-0,0734349193;M9;M7;M9
21;BRI_2339-0447.7360.txt;2410,143;3,371583;-3,346695;-0,0454740179;M9;M7;M9
22;CLS_22_B.5024.txt;2676,999;3,417901;-4,479562;0,0647300422;M7;M5;M8
23;CTI_000055.2p280432.0333.txt;2518,691;3,397269;-3,58086;-0,209218464;M8;M6;M9
24;CTI_000139.9p275821.6197.txt;2465,236;3,390054;-3,786858;-0,3034632072;M9;M7;M9
25;CTI_000351.3p280138.5028.txt;2553,486;3,399851;-4,107211;0,0482101533;M8;M6;M9
26;CTI_000455.2p280301.4007.txt;2372,163;3,367866;-3,637356;-0,1764244048;M9;M8;M9
27;CTI_000537.5p275850.5031.txt;2896,349;3,458019;-5,080972;-0,2337032348;M5;M4;M6
28;CTI_000928.8p280436.5003.txt;2849,542;3,451168;-4,028507;0,0002063095;M5;M4;M6
29;CTI_001251.1p280535A.5032.txt;2595,403;3,410176;-3,939564;-0,1016354848;M8;M6;M8
30;CTI_001251.1p280535A.5034.txt;2639,152;3,417173;-3,687847;-0,5044897;M7;M5;M8
31;CTI_001251.1p280535B.5033.txt;2472,983;3,386119;-4,007615;0,0165821251;M9;M7;M9
32;CTI_001251.1p280535B.5035.txt;2529,256;3,394773;-3,980861;-0,2172697203;M8;M6;M9
33;CTI_002142.1p280548.5005.txt;2525,995;3,398938;-3,973336;-0,1973493064;M8;M6;M9
34;CTI_002352.0p280605.0475.txt;2701,591;3,420357;-4,451161;-0,2212946205;M6;M5;M7
35;CTI_002603.4p275922.2154.txt;2431,205;3,383708;-3,902904;-0,5086098253;M9;M7;M9
36;CTI_003439.1p280309.5008.txt;2479,264;3,38925;-3,628616;-0,2148751977;M9;M7;M9
37;CTI_004244.4p280140.4008.txt;2362,711;3,367888;-3,819578;-0,1301851892;M9;M8;M9
38;CTI_004406.7p280336.5009.txt;2820,455;3,443956;-4,493813;-0,1633561098;M5;M4;M6
39;CTI_004525.7p280437.0493.txt;2489,667;3,392972;-3,731059;-0,3085113303;M9;M7;M9
40;CTI_004911.4p275952.2158.txt;2466,018;3,387495;-3,685228;-0,4908931195;M9;M7;M9
41;CTI_005100.5p280430.5010.txt;2540,603;3,40223;-4,022257;-0,1424690205;M8;M6;M9
42;CTI_010332.0p280234.5011.txt;2541,625;3,401213;-4,114371;-0,0272063319;M8;M6;M9
43;CTI_011708.6p275850.0334.txt;2583,987;3,406914;-3,512813;-0,3287741141;M8;M6;M8
44;CTI_011826.7p280514.5007.txt;2345,52;3,362087;-3,336728;-0,0290328552;M9;M8;M9
45;CTI_012023.2p280321A.0495.txt;2463,043;3,386093;-3,832285;-0,3277330887;M9;M7;M9
46;CTI_012023.2p280321B.0498.txt;2528,926;3,395615;-3,812453;0,0693039301;M8;M6;M9
47;CTI_012303.4p280449.5012.txt;2862,457;3,453636;-4,299759;-0,0079491944;M5;M4;M6
48;CTI_012517.7p280101.6158.txt;2470,602;3,386471;-3,513983;-0,5951862014;M9;M7;M9
49;CTI_012517.7p280247.0478.txt;2827,534;3,44689;-4,185071;-0,0712544525;M5;M4;M6
50;CTI_012657.5p280202.4009.txt;2309,051;3,355961;-3,606729;-0,1123524548;M9;M8;M9
51;CTI_013743.0p280553:.5039.txt;2573,652;3,406498;-3,727882;-0,3293793819;M8;M6;M9
52;CTI_014716.6p280142.5038.txt;2368,417;3,366238;-3,554703;-0,2156858727;M9;M8;M9
53;CTI_015115.8p280458.5013.txt;2578,517;3,407354;-3,999625;-0,3230191681;M8;M6;M9
54;CTI_015338.5p280036.0299.txt;2451,592;3,381305;-3,825493;-0,1723622502;M9;M7;M9
55;CTI_015607.7p280241.4010.txt;2401,054;3,374673;-3,773929;-0,4416865144;M9;M7;M9
56;CTI_015625.5p280135.1110.txt;2372,436;3,369911;-3,566224;-0,2283303245;M9;M8;M9
57;CTI_015705.9p280519.2162.txt;2464,392;3,384146;-3,75379;-0,7464534348;M9;M7;M9
58;CTI_015812.8p280439.5014.txt;2918,438;3,460895;-4,410508;-0,1117901454;M4;M4;M6
59;CTI_015825.4p280120.5015.txt;2794,998;3,441019;-4,465924;-0,0907130958;M6;M5;M7
60;CTI_021845.9p280047.5016.txt;2426,687;3,374074;-3,343729;-0,0741513867;M9;M7;M9
61;CTI_023210.0p280313.4011.txt;2382,232;3,370044;-3,676146;-0,2608609245;M9;M8;M9
62;CTI_031502.6p280315.6162.txt;2604,655;3,41049;-4,032954;-0,49845835;M7;M5;M8
63;CTI_032442.5p280400.6160.txt;2526,719;3,398614;-3,893437;0,0389509222;M8;M6;M9
64;CTI_032659.6p275912.6161.txt;2459,7;3,38477;-3,459994;-0,3727851443;M9;M7;M9
65;CTI_034036.8p280248.5040.txt;2382,302;3,371298;-3,76165;-0,0683695085;M9;M8;M9
66;CTI_034607.5p280109.2011.txt;2419,489;3,379212;-3,598079;-0,4838707156;M9;M7;M9
67;CTI_064951.4p280442.2100.txt;2376,847;3,371088;-3,603538;-0,399837669;M9;M8;M9
68;CTI_065150.8p280311.2104.txt;2373,502;3,369657;-3,751176;-0,2584552185;M9;M8;M9
69;CTI_065950.5p280228.2022.txt;2455,153;3,384222;-3,470335;-0,3811439499;M9;M7;M9
70;CTI_075013.2p280613.2111.txt;2400,682;3,378026;-3,619041;-0,6207293729;M9;M7;M9
71;CTI_075723.2p280533.2026.txt;2456,051;3,386581;-3,583078;-0,346674717;M9;M7;M9
72;CTI_081722.3p280138.5042.txt;2403,218;3,375523;-3,593785;-0,0219100957;M9;M7;M9
73;CTI_084106.0p280016.5041.txt;2476,764;3,389129;-4,044144;-0,1343137329;M9;M7;M9
74;CTI_090120.6p280439.0024.txt;2449,892;3,383774;-3,47509;-0,0057310035;M9;M7;M9
75;CTI_090928.9p280324.2038.txt;2500,242;3,393581;-3,598062;-0,9537161654;M8;M6;M9
76;CTI_091716.8p280531.2124.txt;2345,81;3,363244;-3,532642;-0,136834866;M9;M8;M9
77;CTI_092053.7p280101.6107.txt;2842,14;3,450724;-4,568193;0,0154775585;M5;M4;M6
78;CTI_092423.0p280044.6102.txt;2715,599;3,429921;-4,082942;0,0532469374;M6;M5;M7
79;CTI_092539.9p280018.2034.txt;2362,966;3,367281;-3,636584;-0,2757474329;M9;M8;M9
80;CTI_093631.3p280237.6103.txt;2696,243;3,428743;-4,11905;0,0946645973;M7;M5;M8
81;CTI_100219.5p280036.6104.txt;2690,037;3,427197;-4,203484;0,0768899443;M7;M5;M8
82;CTI_102840.1p280330.2129.txt;2398,291;3,373389;-3,439746;-0,5382133897;M9;M8;M9
83;CTI_103000.3p280432.6108.txt;2364,194;3,373025;-3,982178;-0,2511863669;M9;M8;M9
84;CTI_105201.6p280448.2133.txt;2430,146;3,379461;-3,557257;-0,2754627906;M9;M7;M9
85;CTI_105707.5p280223.6105.txt;2658,437;3,421555;-3,951299;-0,0435666699;M7;M5;M8
86;CTI_105802.4p280251.6106.txt;2681,75;3,425737;-4,499537;0,0312323539;M7;M5;M8
87;CTI_111035.6p275951.6111.txt;3024,173;3,477177;-4,592483;0,0512383883;M4;M4;M5
88;CTI_112443.6p280426.0029.txt;2854,642;3,447299;-3,221059;0,2058774853;M5;M4;M6
89;CTI_112750.0p280406.0032.txt;2385,662;3,374207;-3,616459;-0,0168936935;M9;M8;M9
90;CTI_113104.4p280200.2042.txt;2565,159;3,40271;-3,581896;-0,0067737305;M8;M6;M9
91;CTI_115638.4p280000.2050.txt;2342,057;3,362724;-3,601414;-0,2821497222;M9;M8;M9
92;CTI_120144.1p280527.0037.txt;2437,312;3,381614;-4,129187;-0,056918993;M9;M7;M9
93;CTI_120236.8p275947.2054.txt;2548,33;3,402579;-4,141104;-0,3959433434;M8;M6;M9
94;CTI_124450.0p280024.6109.txt;2297,635;3,359342;-3,843821;-0,5556253595;M9;M9;M9
95;CTI_124832.6p280502.0042.txt;2438,912;3,382893;-3,928576;-0,3116998226;M9;M7;M9
96;CTI_131631.6p280541.6170.txt;2606,91;3,414049;-4,040649;0,0943644117;M7;M5;M8
97;CTI_133827.9p280663.6110.txt;2301,191;3,361082;-4,010593;-0,5142305972;M9;M8;M9
98;CTI_133857.8p280437.3009.txt;2593,617;3,403061;-3,91858;-0,3017658868;M8;M6;M8
99;CTI_141034.2p280158.0323.txt;2496,239;3,393218;-3,607519;-0,0341420372;M9;M7;M9
100;CTI_141237.7p280557.6179.txt;2646,224;3,419737;-4,066661;0,1163387961;M7;M5;M8
101;CTI_141329.8p280131.6191.txt;2719,078;3,432814;-4,478028;0,1591797699;M6;M5;M7
102;CTI_150546.8p280117.6180.txt;2417,921;3,379984;-3,654317;-0,1512499589;M9;M7;M9
103;CTI_153915.5p280214.6172.txt;2479,588;3,38512;-3,562978;-0,0966388189;M9;M7;M9
104;CTI_153915.6p280445.6171.txt;2315,999;3,362693;-3,892945;-0,4188260545;M9;M8;M9
105;CTI_153945.1p280233.6190.txt;2809,232;3,445469;-4,516102;-0,0321361568;M5;M4;M7
106;CTI_153948.1p280322.6189.txt;2777,355;3,439299;-4,57629;0,016151164;M6;M5;M7
107;CTI_154231.3p280401.0053.txt;2369,253;3,369765;-3,445115;-0,2280632947;M9;M8;M9
108;CTI_160557.4p280437.3010.txt;2639;3,413346;-3,806252;0,0592229915;M7;M5;M8
109;CTI_161340.2p280011.6121.txt;2345,522;3,368611;-3,996911;-0,4357737925;M9;M8;M9
110;CTI_162342.9p280305.1097.txt;2515,005;3,395982;-3,619233;-0,1048354579;M8;M6;M9
111;CTI_162356.1p275942.3008.txt;2656,061;3,413868;-3,839875;-0,0670820581;M7;M5;M8
112;CTI_162920.5p280239.1098.txt;2547,145;3,400654;-3,906675;-0,6252159476;M8;M6;M9
113;CTI_170958.5p275905.6124.txt;2387,98;3,376529;-3,898842;-0,5097832535;M9;M8;M9
114;CTI_171818.0p280512.4002.txt;2446,58;3,381589;-3,403898;-0,1602846414;M9;M7;M9
115;CTI_174729.0p280322.4017.txt;2436,31;3,380298;-3,838283;-0,0744586554;M9;M7;M9
116;CTI_180120.1p280410.6177.txt;2758,106;3,438204;-3,991241;-0,0233958767;M6;M5;M7
117;CTI_180142.2p275924.6195.txt;2640,06;3,418715;-3,70134;-0,0659676252;M7;M5;M8
118;CTI_180216.8p280457.6178.txt;2620,853;3,417269;-3,88514;-0,1666876073;M7;M5;M8
119;CTI_180257.2p280456.6173.txt;2537,281;3,399205;-3,744108;-0,2875855152;M8;M6;M9
120;CTI_180305.0p280256.6187.txt;2721,392;3,432487;-4,08919;0,0466242971;M6;M5;M7
121;CTI_180350.6p280133.6183.txt;2716,571;3,432336;-3,959458;0,1344052147;M6;M5;M7
122;CTI_180408.2p280352.6188.txt;2874,239;3,454866;-4,269072;0,0407642424;M5;M4;M6
123;CTI_180456.3p280049.6184.txt;2722,647;3,43265;-3,996912;-0,1406190469;M6;M5;M7
124;CTI_180516.3p280448.6174.txt;2453,491;3,383055;-3,883998;-0,4914255526;M9;M7;M9
125;CTI_185818.3p275940.6186.txt;2487,747;3,390354;-3,426012;-0,0693366113;M9;M7;M9
126;CTI_185818.3p280045.6185.txt;2644,809;3,420389;-4,11253;0,0485684812;M7;M5;M8
127;CTI_190006.8p280452.6176.txt;2431,978;3,375668;-3,27089;-0,1831301957;M9;M7;M9
128;CTI_190016.9p280541.6198.txt;2783,152;3,440243;-4,066544;0,0005464018;M6;M5;M7
129;CTI_190917.7p280305.1105.txt;2397,25;3,370294;-3,426389;-0,2113714362;M9;M8;M9
130;CTI_191216.9p280228.6155.txt;2678,555;3,424675;-3,933007;-0,3511072344;M7;M5;M8
131;CTI_191258.9p280353.1119.txt;2435,372;3,375737;-3,439485;-0,1110007284;M9;M7;M9
132;CTI_191326.8p275930.6164.txt;2474,551;3,388929;-3,769874;-0,4646110978;M9;M7;M9
133;CTI_192121.7p280100.4014.txt;2664,916;3,420806;-3,86614;-0,087747145;M7;M5;M8
134;CTI_192853.3p280415.6163.txt;2539,288;3,396804;-3,403082;-0,2596103016;M8;M6;M9
135;CTI_202636.9p275934.6166.txt;2580,95;3,407805;-3,274393;0,2832069553;M8;M6;M8
136;CTI_202738.5p280227.6165.txt;2577,424;3,409603;-3,756498;0,3953051338;M8;M6;M9
137;CTI_202928.1p280151.6156.txt;2754,226;3,432824;-4,031881;0,1087224321;M6;M5;M7
138;CTI_223752.5p275918.6153.txt;2846,475;3,451559;-4,257337;0,079877251;M5;M4;M6
139;CTI_224056.1p280052.6152.txt;2814,591;3,445385;-3,805197;-0,1141791865;M5;M4;M7
140;CTI_225024.0p275956.6154.txt;2473,212;3,388616;-3,535125;-0,2983245884;M9;M7;M9
141;CTI_225508.6p280234.6175.txt;2389,478;3,377378;-4,048221;-0,0172714641;M9;M8;M9
142;CTI_230047.6p280216.4015.txt;2324,987;3,361701;-3,812369;-0,040390857;M9;M8;M9
143;CTI_232425.5p275949.5004.txt;2461,245;3,383845;-3,91387;0,062008239;M9;M7;M9
144;CTI_233201.1p275943.5036.txt;2430,662;3,377707;-3,795122;-0,656881471;M9;M7;M9
145;CTI_233828.2p275817.6168.txt;2571,591;3,411764;-4,025185;-0,1204075221;M8;M6;M9
146;CTI_234957.0p280136.4016.txt;2487,317;3,387688;-3,758322;-0,1298227714;M9;M7;M9
147;ER_2_(aka_WT_392).7307.txt;2594,138;3,409914;-3,674768;-0,5737343468;M8;M6;M8
148;ER_2_(aka_WT_392).7471.txt;2638,685;3,417791;-3,290753;-0,4248696539;M7;M5;M8
149;ESO_207-61.7501.txt;2306,338;3,357199;-3,885135;-0,0563202697;M9;M8;M9
150;ESO_439-131.7462.txt;2441,027;3,378419;-3,558433;-0,0311648587;M9;M7;M9
151;F_79-18.7374.txt;2394,832;3,372904;-3,58035;-0,4305158033;M9;M8;M9
152;GJ_1001.7357.txt;2739,343;3,435078;-3,85519;-0,4768287555;M6;M5;M7
153;GJ_1002.7114.txt;2456,252;3,386179;-3,616588;-0,6021408912;M9;M7;M9
154;GJ_1005_AB.5006.txt;2575,264;3,407751;-3,915997;-0,3088988748;M8;M6;M9
155;GJ_1005_AB.6205.txt;2678,31;3,425844;-3,912375;0,0126405331;M7;M5;M8
156;GJ_1028.7287.txt;2599,435;3,413673;-3,605735;-0,292841528;M8;M6;M8
157;GJ_1057.4012.txt;2428,941;3,37977;-3,570553;-0,2652934596;M9;M7;M9
158;GJ_1057.7231.txt;2486,874;3,392659;-3,581872;-0,4166438813;M9;M7;M9
159;GJ_1057.7362.txt;2459,17;3,386311;-3,633354;-0,5052795381;M9;M7;M9
160;GJ_1061.7378.txt;2410,931;3,376548;-3,558257;-0,3602811079;M9;M7;M9
161;GJ_1081_AB.6217.txt;2768,893;3,439403;-4,03081;0,1365966145;M6;M5;M7
162;GJ_1093.7018.txt;2442,168;3,382853;-3,485183;-0,3847125426;M9;M7;M9
163;GJ_1103_AB.7283.txt;2660,84;3,422325;-3,562315;-0,4989830045;M7;M5;M8
164;GJ_1105.7115.txt;2606,247;3,412092;-3,720084;-0,3934494749;M7;M5;M8
165;GJ_1111.7241.txt;2350,334;3,367865;-3,699328;-0,6558973987;M9;M8;M9
166;GJ_1111.9004.txt;2345,219;3,362854;-3,592505;-0,2682011063;M9;M8;M9
167;GJ_1116_AB.5026.txt;2341,227;3,366247;-3,789962;-0,4206548391;M9;M8;M9
168;GJ_1128.7503.txt;2528,89;3,400837;-3,836811;-0,2917478433;M8;M6;M9
169;GJ_1138.7403.txt;2662,752;3,420968;-3,670559;-0,4989293502;M7;M5;M8
170;GJ_1151.7409.txt;2637,194;3,418659;-3,751367;-0,5271229155;M7;M5;M8
171;GJ_1154_AB.7468.txt;2515,788;3,396669;-3,547014;-0,5478679287;M8;M6;M9
172;GJ_1156.7031.txt;2505,77;3,396702;-3,699216;-0,3804359452;M8;M6;M9
173;GJ_1207.7476.txt;2835,322;3,451563;-3,539127;-0,3479524262;M5;M4;M6
174;GJ_1215_AB.7420.txt;2451,208;3,385094;-3,529604;-0,3765897083;M9;M7;M9
175;GJ_1224.7116.txt;2579,245;3,409821;-3,801532;-0,4992668627;M8;M6;M9
176;GJ_1227.7430.txt;2565,127;3,40636;-3,686057;-0,4542700193;M8;M6;M9
177;GJ_1230_B.7118.txt;2444,717;3,382958;-3,513382;-0,5141332353;M9;M7;M9
178;GJ_1245_AC.0481.txt;2403,806;3,376118;-3,551063;-0,204690132;M9;M7;M9
179;GJ_1245_B.0497.txt;2373,185;3,37041;-3,656188;-0,4854552433;M9;M8;M9
180;GJ_1253.7289.txt;2617,65;3,415363;-3,578248;-0,2805020746;M7;M5;M8
181;GJ_1256.7487.txt;2700,057;3,428735;-3,244777;-0,3715017023;M6;M5;M7
182;GJ_1277.7314.txt;2469,353;3,386994;-3,549531;-0,5022154333;M9;M7;M9
183;GJ_1277.7355.txt;2536,865;3,397019;-3,579758;-0,3003757413;M8;M6;M9
184;GJ_1284.7356.txt;2826,934;3,44963;-4,10778;-0,2646977555;M5;M4;M6
185;GJ_1286.7119.txt;2500,456;3,391914;-3,56451;-0,1588078594;M8;M6;M9
186;GJ_1289.7227.txt;2742,368;3,436613;-3,876279;-0,4893598049;M6;M5;M7
187;GJ_2005_ABC.7359.txt;2372,814;3,372327;-3,747456;-0,5546348514;M9;M8;M9
188;GJ_2066.7263.txt;3178,032;3,500215;-4,488422;-0,2508920224;M3;M3;M4
189;GJ_2069_A.7434.txt;2706,454;3,431986;-3,789245;-0,0693904454;M6;M5;M7
190;GJ_2069_B.7436.txt;2627,015;3,418837;-3,608646;-0,1361696678;M7;M5;M8
191;GJ_2097.7069.txt;3086,615;3,487602;-4,386129;-0,1417491174;M4;M4;M4
192;GJ_2097.7301.txt;3038,946;3,47956;-4,423856;-0,2186686168;M4;M4;M5
193;GJ_2097.7464.txt;3132,293;3,493614;-4,103722;-0,1426607113;M3;M3;M4
194;GJ_2110.7367.txt;2891,766;3,452506;-3,877046;-0,5633751031;M5;M4;M6
195;GJ_2129.7369.txt;2852,682;3,445327;-3,746698;-0,6812762079;M5;M4;M6
196;GJ_2155.0332.txt;2873,378;3,454886;-3,96245;-0,0912875212;M5;M4;M6
197;GL_569Bab.0322.txt;2353,77;3,364037;-3,607719;-0,1507840296;M9;M8;M9
198;GL_65B.9002.txt;2346,16;3,364239;-3,624563;-0,3239034337;M9;M8;M9
199;GRH_2208-2007.7318.txt;2388,736;3,369468;-3,538693;-0,3102300985;M9;M8;M9
200;G_117-B15_B.6114.txt;2694,831;3,428984;-3,823943;-0,0987621367;M7;M5;M8
201;G_156-67.7129.txt;2905,5;3,45494;-3,544307;0,0476844969;M4;M4;M6
202;G_165-8.7070.txt;2689,688;3,427373;-3,692554;-0,2393576644;M7;M5;M8
203;G_188-38.7277.txt;2854,889;3,455973;-4,292156;-0,273953926;M5;M4;M6
204;G_203-47.7059.txt;2707,421;3,430175;-3,409028;-0,2785540365;M6;M5;M7
205;G_203-47.7076.txt;2739,291;3,434676;-3,453172;-0,1905221977;M6;M5;M7
206;G_41-14.7065.txt;2817,101;3,448785;-3,863936;-0,212459262;M5;M4;M7
207;G_89-32.7064.txt;2623,197;3,417124;-3,706566;-0,2973944725;M7;M5;M8
208;G_99-49.7017.txt;2917,311;3,458152;-4,343404;-0,2449058076;M4;M4;M6
209;Gl_1.7358.txt;3110,592;3,489097;-4,375764;-0,2896172172;M3;M3;M4
210;Gl_102.7279.txt;2814,789;3,448881;-3,961563;-0,291592559;M5;M4;M7
211;Gl_105_B.7105.txt;2881,774;3,456609;-3,770765;-0,1081913;M5;M4;M6
212;Gl_109.7106.txt;2829,955;3,448357;-4,201328;-0,2176465148;M5;M4;M6
213;Gl_1230_AC.7117.txt;2499,146;3,393653;-3,568655;-0,4832554437;M9;M7;M9
214;Gl_15_A.7101.txt;3006,948;3,475296;-4,28675;-0,2712985458;M4;M4;M5
215;Gl_15_B.7102.txt;2707,348;3,431207;-3,983156;-0,4595948989;M6;M5;M7
216;Gl_166_C.6211.txt;2569,524;3,406505;-3,579091;-0,1650536291;M8;M6;M9
217;Gl_166_C.9003.txt;2436,866;3,381595;-3,57948;-0,3976763774;M9;M7;M9
218;Gl_169.1_A.6100.txt;2574,998;3,40812;-3,60368;-0,1409922785;M8;M6;M9
219;Gl_169.1_A.6210.txt;2550,489;3,402739;-3,708557;-0,2202405429;M8;M6;M9
220;Gl_176.7215.txt;3127,171;3,493096;-4,46529;-0,1499220515;M3;M3;M4
221;Gl_185_AB.7060.txt;3200,288;3,502072;-4,731868;-0,0349247848;M3;M3;M4
222;Gl_191.7497.txt;3032,421;3,478327;-4,691987;0,137679328;M4;M4;M5
223;Gl_205.9013.txt;2875,648;3,455469;-4,050274;-0,1353605056;M5;M4;M6
224;Gl_213.6214.txt;2690,316;3,426204;-3,627633;-0,0983971155;M7;M5;M8
225;Gl_213.9014.txt;2569,643;3,405217;-3,59741;-0,3603212343;M8;M6;M9
226;Gl_220.6215.txt;2944,904;3,465809;-4,18977;0,0969703105;M4;M4;M6
227;Gl_220.9015.txt;2798,243;3,443916;-3,873363;-0,1251567151;M6;M5;M7
228;Gl_226.6218.txt;2860,394;3,452527;-4,191514;0,2262617704;M5;M4;M6
229;Gl_226.9016.txt;2778,621;3,440884;-3,939993;-0,1935647053;M6;M5;M7
230;Gl_228_A.7219.txt;3159,809;3,497966;-4,266282;-0,1972218836;M3;M3;M4
231;Gl_228_B.7223.txt;2959,373;3,469563;-3,879074;-0,2608706838;M4;M4;M6
232;Gl_229.7259.txt;3144,407;3,494517;-4,667094;-0,0520328906;M3;M3;M4
233;Gl_229.9017.txt;2918,962;3,461983;-4,136332;-0,0647949508;M4;M4;M6
234;Gl_22_AC.6206.txt;2824,757;3,446676;-4,223953;0,119730366;M5;M4;M6
235;Gl_22_AC.9006.txt;2697,406;3,428128;-3,959878;-0,1969620642;M7;M5;M8
236;Gl_22_B.6207.txt;2729,58;3,433732;-4,056878;0,0157969457;M6;M5;M7
237;Gl_22_B.9007.txt;2733,987;3,434943;-4,020379;-0,2937745464;M6;M5;M7
238;Gl_232.9018.txt;2542,308;3,401674;-3,599476;-0,3509870209;M8;M6;M9
239;Gl_234_AB.6212.txt;2604,496;3,413807;-3,873532;-0,1823283207;M7;M5;M8
240;Gl_234_AB.9019.txt;2525,775;3,399783;-3,673598;-0,4320468612;M8;M6;M9
241;Gl_250_B.9021.txt;2812,655;3,44667;-3,861843;-0,140974426;M5;M4;M7
242;Gl_251.9022.txt;2717,766;3,43158;-3,707931;-0,2433885924;M6;M5;M7
243;Gl_257_AB.7498.txt;2787,085;3,443959;-4,175118;-0,0341244649;M6;M5;M7
244;Gl_265_A.9023.txt;3003,942;3,473748;-4,381514;-0,0653113342;M4;M4;M5
245;Gl_268.3.7084.txt;3046,419;3,482441;-4,174201;-0,1995171947;M4;M4;M5
246;Gl_268_AB.9025.txt;2502,405;3,394472;-3,66475;-0,3906762761;M8;M6;M9
247;Gl_270.7257.txt;3151,23;3,495444;-4,629352;-0,1646666041;M3;M3;M4
248;Gl_270.9026.txt;2918,011;3,461454;-4,115673;-0,134751961;M4;M4;M6
249;Gl_273.9027.txt;2627,453;3,415619;-3,630364;-0,2758253258;M7;M5;M8
250;Gl_275.2_A.9028.txt;2588,504;3,4096;-3,626932;-0,3749296028;M8;M6;M8
251;Gl_283_B.5018.txt;2387,38;3,370024;-3,513481;-0,2288913324;M9;M8;M9
252;Gl_283_B.7089.txt;2450,089;3,382472;-3,483457;-0,4126375498;M9;M7;M9
253;Gl_285.7038.txt;2683,207;3,427156;-3,750078;-0,3091953848;M7;M5;M8
254;Gl_299.7039.txt;2841,54;3,451207;-3,829471;-0,3289274017;M5;M4;M6
255;Gl_300.7040.txt;2849,523;3,452544;-3,641943;-0,1161882397;M5;M4;M6
256;Gl_301_AB.5021.txt;2934,262;3,46336;-4,360805;0,0313478926;M4;M4;M6
257;Gl_316.1.5020.txt;2328,127;3,361631;-3,658726;-0,2919281459;M9;M8;M9
258;Gl_317.7458.txt;2905,935;3,460987;-3,541598;-0,1363766416;M4;M4;M6
259;Gl_328.9029.txt;2996,206;3,472913;-4,254682;-0,1090879531;M4;M4;M5
260;Gl_338.1AB.5022.txt;2957,883;3,467144;-4,376427;0,0312474399;M4;M4;M6
261;Gl_338_A.9030.txt;2965,587;3,468846;-4,235737;-0,0217934063;M4;M4;M5
262;Gl_338_B.9031.txt;2977,055;3,470741;-4,236966;-0,0592530031;M4;M4;M5
263;Gl_34_B.7103.txt;3220,167;3,504938;-4,586738;-0,1890876374;M3;M3;M4
264;Gl_352_AB.9011.txt;2735,723;3,435275;-3,807855;-0,1475206411;M6;M5;M7
265;Gl_357.7459.txt;2952,644;3,468049;-3,70012;-0,2371874415;M4;M4;M6
266;Gl_367.7460.txt;3090,045;3,487875;-3,999814;-0,2190258236;M4;M4;M4
267;Gl_380.7021.txt;3200,25;3,502162;-4,660123;-0,1092959845;M3;M3;M4
268;Gl_380.9033.txt;2953,302;3,467062;-4,184831;-0,0571158734;M4;M4;M6
269;Gl_381.9034.txt;2836,588;3,450685;-3,946204;-0,1057645432;M5;M4;M6
270;Gl_382.9035.txt;2863,576;3,453797;-4,014238;-0,1485323308;M5;M4;M6
271;Gl_393.7023.txt;3046,717;3,482132;-4,251412;-0,0871649742;M4;M4;M5
272;Gl_402.7275.txt;2824,869;3,450751;-3,652421;-0,1131522866;M5;M4;M6
273;Gl_402.7456.txt;2402,8;3,374687;-3,530546;-0,5458212165;M9;M7;M9
274;Gl_402.9040.txt;2602,457;3,412031;-3,662504;-0,2607122838;M7;M5;M8
275;Gl_406.7299.txt;2375,647;3,372557;-3,622049;-0,4302235589;M9;M8;M9
276;Gl_406.9005.txt;2345,035;3,363033;-3,548308;-0,2793184295;M9;M8;M9
277;Gl_411.7213.txt;2987,137;3,472243;-4,391106;-0,0457143148;M4;M4;M5
278;Gl_411.9037.txt;2827,889;3,448771;-3,877243;-0,0663214849;M5;M4;M6
279;Gl_412_A.7025.txt;3076,079;3,485407;-4,362263;-0,0954011708;M4;M4;M4
280;Gl_412_B.7026.txt;2425,053;3,383576;-3,992301;-0,6984748718;M9;M7;M9
281;Gl_413.1.7461.txt;3092,091;3,488299;-3,871877;-0,2233720088;M4;M4;M4
282;Gl_424.7411.txt;3220,249;3,505704;-4,581955;-0,1082813116;M3;M3;M4
283;Gl_430.9038.txt;2995,267;3,473231;-4,211074;-0,0484993698;M4;M4;M5
284;Gl_436.7269.txt;3121,81;3,493015;-4,433965;-0,2730477709;M3;M3;M4
285;Gl_436.9039.txt;2751,605;3,436593;-3,799725;-0,236918983;M6;M5;M7
286;Gl_438.7302.txt;3071,881;3,484145;-4,380629;-0,3021079475;M4;M4;M4
287;Gl_445.7042.txt;2935,772;3,465271;-3,9383;-0,2165110376;M4;M4;M6
288;Gl_447.7043.txt;2768,874;3,440801;-3,779486;-0,2021738751;M6;M5;M7
289;Gl_450.7401.txt;3188,963;3,502;-4,584137;-0,3471483505;M3;M3;M4
290;Gl_465.7469.txt;3070,46;3,48426;-3,741265;-0,2974086309;M4;M4;M4
291;Gl_469_AB.7507.txt;2776,49;3,441839;-3,756517;-0,1286021928;M6;M5;M7
292;Gl_473_AB.0021.txt;2387,841;3,37375;-3,646759;-0,380002679;M9;M8;M9
293;Gl_479.7305.txt;2880,748;3,456347;-4,047963;-0,3905213951;M5;M4;M6
294;Gl_48.7225.txt;3183,624;3,501669;-4,26758;-0,250174913;M3;M3;M4
295;Gl_486.7466.txt;2948,228;3,467831;-3,393809;-0,1763455175;M4;M4;M6
296;Gl_487_ABC.7413.txt;2888,571;3,457909;-3,971042;-0,4896158667;M5;M4;M6
297;Gl_49.7261.txt;3273,103;3,513039;-4,863869;-0,2258793835;M3;M2;M3
298;Gl_493.1.7467.txt;2650,053;3,421352;-3,617238;-0,4777673763;M7;M5;M8
299;Gl_494_AB.7508.txt;3088,051;3,487219;-4,699539;0,0253763797;M4;M4;M4
300;Gl_508_ABC.5027.txt;2944,6;3,465505;-4,411062;0,019029351;M4;M4;M6
301;Gl_51.9042.txt;2459,534;3,388624;-3,804174;-0,1605981494;M9;M7;M9
302;Gl_514.7032.txt;3069,706;3,484173;-4,356584;-0,0501935261;M4;M4;M4
303;Gl_514.7465.txt;3158,709;3,49677;-3,972385;-0,1908049832;M3;M3;M4
304;Gl_519.7415.txt;3172,981;3,498872;-4,592672;-0,2042910933;M3;M3;M4
305;Gl_526.7033.txt;3063,235;3,484198;-4,279885;-0,0995547235;M4;M4;M4
306;Gl_54.1.7104.txt;2623,371;3,416598;-3,656264;-0,3930229247;M7;M5;M8
307;Gl_54.7495.txt;3008,105;3,475811;-3,521811;-0,2829745836;M4;M4;M5
308;Gl_551.7328.txt;2410,442;3,378316;-3,590402;-0,4596201265;M9;M7;M9
309;Gl_555.7034.txt;2738,055;3,434593;-3,478467;-0,1901570336;M6;M5;M7
310;Gl_569_A.0269.txt;2741,418;3,433649;-3,695573;-0,2324383553;M6;M5;M7
311;Gl_570_BC.7036.txt;3083,718;3,486967;-4,358836;-0,1116100068;M4;M4;M4
312;Gl_581.7037.txt;2947,69;3,467762;-4,319778;-0,1158370968;M4;M4;M6
313;Gl_588.7329.txt;2979,231;3,471427;-4,186115;-0,2618079514;M4;M4;M5
314;Gl_595.7475.txt;2912,227;3,461156;-3,489494;-0,4454186149;M4;M4;M6
315;Gl_618_A.7330.txt;2934,396;3,465137;-4,166757;-0,3622367386;M4;M4;M6
316;Gl_618_B.7331.txt;2437,088;3,383368;-3,685548;-0,5802184164;M9;M7;M9
317;Gl_623_AB.3006.txt;2691,191;3,424207;-3,923428;-0,3219310322;M7;M5;M8
318;Gl_623_AB.7075.txt;3041,316;3,481579;-4,049849;-0,0738890825;M4;M4;M5
319;Gl_625.3007.txt;2760,229;3,435169;-4,195629;-0,3626815901;M6;M5;M7
320;Gl_628.7058.txt;2922,912;3,464122;-3,865382;-0,0934413145;M4;M4;M6
321;Gl_633.7363.txt;2838,995;3,44962;-3,986456;-0,4546604595;M5;M4;M6
322;Gl_638.7422.txt;3232,629;3,506565;-4,6101;-0,2489836017;M3;M3;M4
323;Gl_643.1116.txt;2603,449;3,410014;-3,789093;-0,3470699833;M7;M5;M8
324;Gl_643.7054.txt;2944,22;3,467854;-4,039205;-0,1386614068;M4;M4;M6
325;Gl_644ABD.7053.txt;3040,13;3,481559;-4,205336;-0,0649500297;M4;M4;M5
326;Gl_644_C.1099.txt;2380,688;3,369691;-3,726577;-0,2929272607;M9;M8;M9
327;Gl_644_C.7052.txt;2407,323;3,376374;-3,701056;-0,4140967947;M9;M7;M9
328;Gl_644_C.7207.txt;2355,425;3,367849;-3,744803;-0,5381654748;M9;M8;M9
329;Gl_644_C.7364.txt;2361,187;3,366976;-3,709292;-0,5992900144;M9;M8;M9
330;Gl_644_C.7449.txt;2355,619;3,36683;-3,718382;-0,560242034;M9;M8;M9
331;Gl_644_C.7478.txt;2379,491;3,370304;-3,616687;-0,5344400078;M9;M8;M9
332;Gl_649.3005.txt;2842,753;3,448321;-4,217628;-0,2831265963;M5;M4;M6
333;Gl_65_A.9001.txt;2355,566;3,366769;-3,610395;-0,3257677943;M9;M8;M9
334;Gl_661_AB.0057.txt;2662,637;3,421231;-3,816249;-0,2152074693;M7;M5;M8
335;Gl_666_B.7333.txt;3162,132;3,496641;-4,506104;-0,2872975178;M3;M3;M4
336;Gl_667_C.7335.txt;3038,238;3,47967;-4,439203;-0,3399434735;M4;M4;M5
337;Gl_669_A.1121.txt;2564,746;3,403531;-3,763915;-0,6232176222;M8;M6;M9
338;Gl_669_B.1122.txt;2503,096;3,395478;-3,68076;-0,1819613236;M8;M6;M9
339;Gl_673.7077.txt;3222,354;3,505432;-4,708264;-0,0557305328;M3;M3;M4
340;Gl_674.7336.txt;2943,7;3,465748;-4,344022;-0,3621716594;M4;M4;M6
341;Gl_677_AB.4013.txt;2839,617;3,447304;-3,860468;-0,0941015157;M5;M4;M6
342;Gl_678.1.7513.txt;3072,372;3,484904;-4,395421;-0,0879531286;M4;M4;M4
343;Gl_682.7337.txt;2609,742;3,413139;-3,709107;-0,4059039147;M7;M5;M8
344;Gl_686.7079.txt;3167;3,498504;-4,427746;-0,0783596348;M3;M3;M4
345;Gl_687.7080.txt;3000,008;3,475762;-3,972509;-0,1221229495;M4;M4;M5
346;Gl_693.7338.txt;2823,083;3,448144;-4,027187;-0,2803907591;M5;M4;M6
347;Gl_694.7432.txt;2886,621;3,458588;-4,020091;-0,2098700155;M5;M4;M6
348;Gl_695_BC.7424.txt;2747,07;3,436569;-3,705035;-0,2699497442;M6;M5;M7
349;Gl_699.1096.txt;2560,489;3,403418;-3,705129;-0,4124280871;M8;M6;M9
350;Gl_699.7309.txt;2612,789;3,413665;-3,725065;-0,366669741;M7;M5;M8
351;Gl_699.7479.txt;2792,077;3,444065;-3,258675;-0,2223759933;M6;M5;M7
352;Gl_70.7265.txt;3092,496;3,489235;-4,345595;-0,2014682617;M4;M4;M4
353;Gl_701.7078.txt;3170,161;3,498915;-4,545129;-0,0376602905;M3;M3;M4
354;Gl_720_A.0273.txt;2834,126;3,448111;-3,787852;-0,2089915617;M5;M4;M6
355;Gl_725_A.0300.txt;2735,077;3,434447;-3,870248;-0,1433694206;M6;M5;M7
356;Gl_725_A.6199.txt;2822,364;3,448147;-3,811064;0,1400130303;M5;M4;M6
357;Gl_725_B.0311.txt;2634,142;3,41506;-3,760552;-0,4805550269;M7;M5;M8
358;Gl_725_B.6200.txt;2806,117;3,445635;-3,704569;0,1254783369;M5;M4;M7
359;Gl_729.7107.txt;2776,188;3,442655;-3,978583;-0,2800464541;M6;M5;M7
360;Gl_734_A.0324.txt;2929,736;3,462873;-4,028394;-0,1021745691;M4;M4;M6
361;Gl_734_B.0275.txt;2594,513;3,409773;-3,516192;-0,2899442999;M8;M6;M8
362;Gl_745_A.7484.txt;3110,858;3,490325;-3,800153;-0,2554106038;M3;M3;M4
363;Gl_745_B.7485.txt;3133,384;3,493368;-3,999283;-0,2321702922;M3;M3;M4
364;Gl_747_AB.7426.txt;2792,807;3,444977;-4,050526;-0,2968388693;M6;M5;M7
365;Gl_748.2A.0335.txt;2850,594;3,450605;-3,988094;-0,2275688763;M5;M4;M6
366;Gl_748.2A.7341.txt;2909,819;3,459103;-4,475869;0,0227662869;M4;M4;M6
367;Gl_748.2A.7480.txt;3033,071;3,477359;-4,062981;-0,0125005259;M4;M4;M5
368;Gl_748.2B.0338.txt;2884,771;3,456915;-4,006564;0,0040683871;M5;M4;M6
369;Gl_748.2B.7340.txt;2858,42;3,450933;-4,506434;0,0030540462;M5;M4;M6
370;Gl_748.2B.7481.txt;3005,228;3,473919;-3,952093;0,0293425657;M4;M4;M5
371;Gl_748_AB.0327.txt;2607,895;3,411369;-3,550655;-0,3264988189;M7;M5;M8
372;Gl_752_A.1118.txt;2592,535;3,407412;-3,85673;-0,389101253;M8;M6;M8
373;Gl_752_A.7342.txt;2984,659;3,472008;-4,295573;-0,2722967737;M4;M4;M5
374;Gl_752_A.7482.txt;3060,469;3,483149;-3,75219;-0,2641911604;M4;M4;M4
375;Gl_752_B.1117.txt;2382,281;3,367919;-3,63035;-0,1687727044;M9;M8;M9
376;Gl_752_B.7368.txt;2384,864;3,369066;-3,638127;-0,3772026166;M9;M8;M9
377;Gl_752_B.7483.txt;2391,495;3,370602;-3,589619;-0,4243830048;M9;M8;M9
378;Gl_754.1_B.4001.txt;2727,023;3,432128;-3,923316;-0,2092677487;M6;M5;M7
379;Gl_754.7339.txt;2578,802;3,407088;-3,694313;-0,4908886034;M8;M6;M9
380;Gl_756.2.0283.txt;2815,346;3,441502;-3,703197;-0,4061718776;M5;M4;M7
381;Gl_761.2.0325.txt;2875,803;3,4546;-3,997577;-0,2152473695;M5;M4;M6
382;Gl_763.0326.txt;2834,313;3,447775;-3,901085;-0,1881483462;M5;M4;M6
383;Gl_764.1_B.0339.txt;2976,846;3,468662;-4,214393;-0,1435233474;M4;M4;M5
384;Gl_767_A.0340.txt;2819,417;3,446741;-3,77567;-0,2321405586;M5;M4;M7
385;Gl_767_B.0337.txt;2806,796;3,445523;-3,891489;-0,0918397126;M5;M4;M7
386;Gl_767_B.6201.txt;2801,134;3,444161;-4,070475;0,162261022;M5;M4;M7
387;Gl_775.0328.txt;2999,21;3,472685;-4,115176;-0,1981338853;M4;M4;M5
388;Gl_775.7353.txt;3245,905;3,507158;-4,758028;-0,1970142539;M3;M3;M4
389;Gl_775.7486.txt;3209,28;3,502129;-4,251824;-0,1135018476;M3;M3;M4
390;Gl_783_B.7344.txt;2630,576;3,417011;-3,903383;-0,0882720953;M7;M5;M8
391;Gl_784.7346.txt;3173,663;3,496158;-4,923519;-0,1014348605;M3;M3;M4
392;Gl_786.0329.txt;2980,238;3,470034;-4,084047;-0,0938021896;M4;M4;M5
393;Gl_791.2AB.1120.txt;2436,175;3,381904;-3,879457;-0,6024856088;M9;M7;M9
394;Gl_793.7271.txt;3137,65;3,495485;-4,562408;-0,1792487637;M3;M3;M4
395;Gl_799_AB.7315.txt;2521,915;3,397814;-3,708481;-0,4950330806;M8;M6;M9
396;Gl_799_AB.7347.txt;2631,046;3,41975;-3,836314;-0,1996426294;M7;M5;M8
397;Gl_803.7348.txt;3048,597;3,480686;-4,59869;-0,1128884481;M4;M4;M5
398;Gl_806.0330.txt;2783,605;3,441187;-3,757085;-0,266047383;M6;M5;M7
399;Gl_806.6203.txt;2859,466;3,4532;-4,104771;0,0582954326;M5;M4;M6
400;Gl_809.5000.txt;2955,025;3,466619;-4,28994;-0,0347614929;M4;M4;M6
401;Gl_820_A.0309.txt;2925,353;3,46146;-4,498339;-0,2706190183;M4;M4;M6
402;Gl_820_A.7253.txt;3212,946;3,503464;-4,78916;-0,0656434671;M3;M3;M4
403;Gl_820_B.0341.txt;2797,962;3,438723;-4,094516;-0,6779176724;M6;M5;M7
404;Gl_820_B.7255.txt;3216,974;3,504316;-4,808472;-0,0922324721;M3;M3;M4
405;Gl_825.7349.txt;3256,507;3,509017;-4,74992;-0,2332955538;M3;M2;M4
406;Gl_829_AB.5001.txt;2655,914;3,421065;-3,895515;-0,2141973431;M7;M5;M8
407;Gl_83.1.6209.txt;2532,299;3,401183;-3,947067;-0,2670021284;M8;M6;M9
408;Gl_83.1.9041.txt;2579,883;3,410342;-3,809227;-0,1471743973;M8;M6;M9
409;Gl_831_AB.5002.txt;2479,895;3,390065;-3,66113;-0,3455122167;M9;M7;M9
410;Gl_832.7350.txt;3042,144;3,479893;-4,412606;-0,2834281333;M4;M4;M5
411;Gl_839.0331.txt;2879,874;3,455043;-3,953045;-0,2467581986;M5;M4;M6
412;Gl_84.7267.txt;3066,542;3,485214;-4,26162;0,0482407793;M4;M4;M4
413;Gl_846.0292.txt;2903,533;3,459023;-3,994849;-0,1460061913;M4;M4;M6
414;Gl_849.7492.txt;2883,771;3,457191;-3,20657;-0,3117675456;M5;M4;M6
415;Gl_860_A.0065.txt;2966,001;3,46621;-4,361237;-0,0686430725;M4;M4;M5
416;Gl_860_A.4004.txt;2680,535;3,423601;-3,72897;-0,2514265447;M7;M5;M8
417;Gl_860_B.4006.txt;2468,965;3,38958;-3,890042;-0,3443491738;M9;M7;M9
418;Gl_863.1ABC.3004.txt;2891,433;3,455698;-4,148418;-0,142089344;M5;M4;M6
419;Gl_866_ABC.7491.txt;2453,764;3,385575;-3,367388;-0,552504624;M9;M7;M9
420;Gl_866_ABC.9043.txt;2471,026;3,390093;-3,637863;-0,1819339522;M9;M7;M9
421;Gl_867_A.7493.txt;3014,018;3,476898;-3,843999;-0,1796838418;M4;M4;M5
422;Gl_867_B.7494.txt;2845,448;3,451233;-3,340332;-0,3694075287;M5;M4;M6
423;Gl_873.5030.txt;2653,136;3,421284;-3,980517;-0,2181975881;M7;M5;M8
424;Gl_873.6204.txt;2685,391;3,426964;-3,948903;-0,0045749593;M7;M5;M8
425;Gl_876.7108.txt;2511,788;3,39349;-3,696165;-0,4121026339;M8;M6;M9
426;Gl_877.7351.txt;3001,642;3,474517;-4,204563;-0,2674102124;M4;M4;M5
427;Gl_880.5029.txt;2874,51;3,454833;-4,197456;-0,147346498;M5;M4;M6
428;Gl_887.7352.txt;3058,596;3,481248;-4,620432;-0,1048522927;M4;M4;M4
429;Gl_896_A.7110.txt;2628,812;3,416921;-3,830885;-0,3391527438;M7;M5;M8
430;Gl_896_B.7111.txt;2512,717;3,397385;-3,743715;-0,5783954836;M8;M6;M9
431;Gl_905.7112.txt;2409,018;3,376454;-3,50242;-0,4418818249;M9;M7;M9
432;Gl_908.7113.txt;2981,013;3,470727;-4,05319;-0,2670832486;M4;M4;M5
433;Gl_908.7320.txt;2784,044;3,441082;-3,868881;-0,1929490083;M6;M5;M7
434;Gl_91.7496.txt;3150,855;3,495716;-3,951936;-0,1894297626;M3;M3;M4
435;HB_2115-4518.7343.txt;2346,83;3,362329;-3,582107;-0,3142188873;M9;M8;M9
436;HB_2124-4228.7317.txt;2331,28;3,361746;-3,79643;-0,527585971;M9;M8;M9
437;HB_2124-4228.7371.txt;2311,617;3,359171;-3,81989;-0,4658056856;M9;M8;M9
438;HB_2126-4459.7316.txt;2400,448;3,370991;-3,575899;-0,2387142667;M9;M7;M9
439;LHS_1075.6157.txt;2906,695;3,460271;-3,87033;0,0619436147;M4;M4;M6
440;LHS_1252.6208.txt;2349,385;3,365414;-3,650949;-0,2291110375;M9;M8;M9
441;LHS_1317.7293.txt;2445,065;3,383776;-3,561358;-0,637507089;M9;M7;M9
442;LHS_1318.7281.txt;2848,825;3,452621;-3,776809;-0,2694986756;M5;M4;M6
443;LHS_132.7322.txt;2378,466;3,368089;-3,576053;-0,2726883067;M9;M8;M9
444;LHS_1326.7233.txt;2415,261;3,379753;-3,653252;-0,6651608352;M9;M7;M9
445;LHS_1367.7377.txt;2341,614;3,363269;-3,692476;-0,4369542554;M9;M8;M9
446;LHS_1375.7235.txt;2399,976;3,377834;-3,770536;-0,7885721676;M9;M8;M9
447;LHS_1555.6159.txt;2821,346;3,448286;-3,570809;0,0607318154;M5;M4;M6
448;LHS_1564.7393.txt;3253,715;3,510918;-4,849262;-0,4814698036;M3;M2;M4
449;LHS_1625.7251.txt;3123,664;3,491151;-4,716556;-0,308993705;M3;M3;M4
450;LHS_1630.7122.txt;2724,045;3,430951;-3,527166;-0,2791153066;M6;M5;M7
451;LHS_1660a.7217.txt;2831,84;3,451207;-4,06006;-0,1336431905;M5;M4;M6
452;LHS_1691.6213.txt;2812,254;3,446458;-4,385718;0,1807281357;M5;M4;M7
453;LHS_1723.7082.txt;2895,245;3,461885;-4,084827;-0,1809071215;M5;M4;M6
454;LHS_1805.7016.txt;2800,614;3,445588;-3,748943;-0,2601338381;M5;M4;M7
455;LHS_1807.7123.txt;2870,7;3,45693;-3,911587;-0,2793215766;M5;M4;M6
456;LHS_1809.7229.txt;2561,691;3,406479;-3,728282;-0,6867375537;M8;M6;M9
457;LHS_1829.7237.txt;2413,94;3,377832;-3,721043;-0,7919395676;M9;M7;M9
458;LHS_1885.7085.txt;2624,553;3,417227;-3,616832;-0,3836759729;M7;M5;M8
459;LHS_191.9008.txt;2339,446;3,363006;-3,649176;-0,3561403185;M9;M8;M9
460;LHS_1957.7502.txt;2989,044;3,473315;-4,291198;-0,0408514097;M4;M4;M5
461;LHS_2021.7385.txt;2327,965;3,361974;-3,726871;-0,5685127374;M9;M8;M9
462;LHS_2023.7395.txt;2980,229;3,469316;-4,994814;-0,0846079708;M4;M4;M5
463;LHS_2045.5019.txt;2872,531;3,452594;-5,141066;0,0651478601;M5;M4;M6
464;LHS_2065.7245.txt;2328,578;3,361082;-3,666942;-0,387623586;M9;M8;M9
465;LHS_2065.9009.txt;2322,823;3,358238;-3,600291;-0,168662386;M9;M8;M9
466;LHS_2067.6112.txt;2499,174;3,396669;-4,222647;-0,037182723;M9;M7;M9
467;LHS_207.7120.txt;2481,519;3,384267;-3,517599;-0,20756284;M9;M7;M9
468;LHS_221_AB.6216.txt;2757,005;3,436761;-3,867588;0,2006547709;M6;M5;M7
469;LHS_2238.6144.txt;2698,546;3,427761;-4,229389;-0,1930218584;M7;M5;M8
470;LHS_224.7285.txt;2723,408;3,433164;-3,803684;-0,5367945633;M6;M5;M7
471;LHS_2243.6145.txt;2353,093;3,36365;-3,568275;-0,1885191653;M9;M8;M9
472;LHS_2351.7457.txt;2372,583;3,3677;-3,555253;-0,5030623615;M9;M8;M9
473;LHS_2352.6146.txt;2718,238;3,428809;-4,44629;-0,329153586;M6;M5;M7
474;LHS_2397a.5043.txt;2314,926;3,357934;-3,68899;-0,1663912624;M9;M8;M9
475;LHS_2397a.7203.txt;2347,375;3,364981;-3,757668;-0,4440870769;M9;M8;M9
476;LHS_2471.7407.txt;2394,583;3,372609;-3,554796;-0,3551229971;M9;M8;M9
477;LHS_2484.7463.txt;2809,347;3,446308;-3,459387;-0,4419021292;M5;M4;M7
478;LHS_2487.7067.txt;2771,829;3,437731;-3,790017;-0,2634691292;M6;M5;M7
479;LHS_252.7291.txt;2503,875;3,39563;-3,657958;-0,8235782094;M8;M6;M9
480;LHS_2520.7506.txt;2683,659;3,424844;-3,688747;-0,1949911246;M7;M5;M8
481;LHS_2632.6147.txt;2367,516;3,366212;-3,506657;-0,1949826639;M9;M8;M9
482;LHS_2645.6148.txt;2350,278;3,363894;-3,628154;-0,2298412752;M9;M8;M9
483;LHS_2826.6150.txt;2483,315;3,390991;-3,67968;-0,2422546921;M9;M7;M9
484;LHS_2836.7511.txt;2645,35;3,420477;-3,700718;-0,3648935336;M7;M5;M8
485;LHS_2855.7440.txt;2398,907;3,373835;-3,613697;-0,6012019977;M9;M8;M9
486;LHS_2875.7509.txt;2947,815;3,468006;-4,123546;-0,0744285789;M4;M4;M6
487;LHS_2876.7510.txt;2332,528;3,363317;-3,781124;-0,6178817325;M9;M8;M9
488;LHS_288.7300.txt;2526,648;3,397105;-3,60377;-0,3975328858;M8;M6;M9
489;LHS_2887.6151.txt;2442,376;3,384269;-3,754058;-0,3137315642;M9;M7;M9
490;LHS_292.5025.txt;2361,632;3,367031;-3,624063;-0,2737692208;M9;M8;M9
491;LHS_2924.0490.txt;2383,979;3,369047;-3,658208;-0,09585499;M9;M8;M9
492;LHS_2930.6123.txt;2327,038;3,362554;-3,727828;-0,2495380423;M9;M8;M9
493;LHS_2980.6149.txt;2366,357;3,36615;-3,513042;-0,23329308;M9;M8;M9
494;LHS_3002.7095.txt;2440,709;3,380714;-3,627279;-0,5474732006;M9;M7;M9
495;LHS_3003.7093.txt;2392,187;3,373143;-3,657265;-0,4976855891;M9;M8;M9
496;LHS_3135.7474.txt;2821,648;3,447133;-2,852054;-0,235061428;M5;M4;M6
497;LHS_323.7470.txt;2707,774;3,428728;-3,237441;-0,3223461643;M6;M5;M7
498;LHS_3262.7428.txt;2547,6;3,402463;-3,621944;-0,5071103973;M8;M6;M9
499;LHS_3332.7365.txt;2402,293;3,373232;-3,489716;-0,2804672498;M9;M7;M9
500;LHS_3339.0491.txt;2379,932;3,369344;-3,610324;-0,3943339276;M9;M8;M9
501;LHS_3346.7514.txt;2685,08;3,423961;-3,551972;-0,3548987209;M7;M5;M8
502;LHS_337.7306.txt;2627,154;3,414513;-3,657937;-0,5277151611;M7;M5;M8
503;LHS_3376.7081.txt;2778,412;3,443726;-4,027086;-0,263962297;M6;M5;M7
504;LHS_3487.7488.txt;3208,836;3,50244;-4,2733;-0,1882184147;M3;M3;M4
505;LHS_3538.7489.txt;2758,266;3,437142;-3,188911;-0,1869655009;M6;M5;M7
506;LHS_3566.7451.txt;2395,906;3,373866;-3,510433;-0,2950062315;M9;M8;M9
507;LHS_358.7438.txt;2613,4;3,413907;-3,639075;-0,379060491;M7;M5;M8
508;LHS_3746.7354.txt;2692,782;3,427037;-3,920047;-0,4196661582;M7;M5;M8
509;LHS_3768.7000.txt;2797,656;3,445736;-4,778398;0,1118667836;M6;M5;M7
510;LHS_3799.7124.txt;2485,052;3,392216;-3,63133;-0,4434583296;M9;M7;M9
511;LHS_3933.7125.txt;2423,478;3,375965;-3,541841;-0,2270251211;M9;M7;M9
512;LHS_4009.7319.txt;2437,27;3,383453;-3,732309;-0,707801084;M9;M7;M9
513;LHS_5129.7297.txt;2442,626;3,382925;-3,551338;-0,5564369519;M9;M7;M9
514;LHS_5142.9010.txt;2354,763;3,365113;-3,592202;-0,3097810318;M9;M8;M9
515;LHS_515.0492.txt;2842,199;3,448466;-4,296001;-0,2855009261;M5;M4;M6
516;LHS_523.0472.txt;2359,208;3,368402;-3,711529;-0,3129758037;M9;M8;M9
517;LP_159-47.7086.txt;2554,426;3,404326;-3,501036;-0,5056747539;M8;M6;M9
518;LP_166-56.7020.txt;2471,504;3,388611;-3,14762;0,0639116287;M9;M7;M9
519;LP_229-17.7455.txt;2660,471;3,421354;-3,609081;-0,4275465754;M7;M5;M8
520;LP_300-55.7126.txt;2468,9;3,393843;-3,807675;-0,1976721459;M9;M7;M9
521;LP_301-16.2093.txt;2392,244;3,37465;-3,613835;-0,4665648631;M9;M8;M9
522;LP_315-11.7063.txt;2659,157;3,423152;-3,732584;-0,4580756228;M7;M5;M8
523;LP_322-1178.6169.txt;2482,355;3,39344;-3,861055;-0,4665606328;M9;M7;M9
524;LP_324-30.0494.txt;2408,197;3,37699;-3,70866;-0,6567986995;M9;M7;M9
525;LP_325-1.0046.txt;2362,352;3,368453;-3,765348;-0,1781757416;M9;M8;M9
526;LP_353-59.7006.txt;2456,646;3,389458;-3,855587;-0,2761634075;M9;M7;M9
527;LP_400-63.7003.txt;2342,967;3,365695;-3,665978;-0,3024261522;M9;M8;M9
528;LP_405-39.7011.txt;2398,646;3,375686;-3,597019;-0,4599626269;M9;M8;M9
529;LP_406-29.7391.txt;3024,764;3,479249;-4,691438;0,3548429557;M4;M4;M5
530;LP_410-39.7007.txt;2504,009;3,39696;-4,151726;-0,1202037101;M8;M6;M9
531;LP_412-31.7015.txt;2332,523;3,360906;-3,649061;-0,1943414523;M9;M8;M9
532;LP_412-31.7387.txt;2339,02;3,363264;-3,788282;-0,6259531624;M9;M8;M9
533;LP_427-38.7041.txt;2457,909;3,383881;-3,648287;-0,4389381855;M9;M7;M9
534;LP_465-27.7010.txt;2425,404;3,380555;-3,588344;-0,2647069691;M9;M7;M9
535;LP_467-16.7321.txt;2445,161;3,382723;-3,567143;-0,4726385796;M9;M7;M9
536;LP_471-17.7008.txt;2557,259;3,400234;-4,143788;-0,123144058;M8;M6;M9
537;LP_476-207.7083.txt;2847,033;3,453474;-3,872788;-0,1372013995;M5;M4;M6
538;LP_497-97.7030.txt;2543,157;3,403344;-4,118701;-1,2456269723;M8;M6;M9
539;LP_608-54.7090.txt;2689,313;3,425533;-3,884299;-0,3531568056;M7;M5;M8
540;LP_672-19.7091.txt;2510,216;3,388843;-4,285444;0,195922303;M8;M6;M9
541;LP_704-43.7004.txt;2501,883;3,395338;-3,706907;-0,2241426375;M8;M6;M9
542;LP_708-98.7013.txt;2527,811;3,402964;-3,961657;-0,2299675581;M8;M6;M9
543;LP_731-47.7323.txt;2412,682;3,377101;-3,725471;-0,442932955;M9;M7;M9
544;LP_75-10.7273.txt;3186,434;3,502174;-4,232729;-0,1994630346;M3;M3;M4
545;LP_759-25.7009.txt;2364,81;3,369617;-3,687375;-0,4758811924;M9;M8;M9
546;LP_766-89.7005.txt;2415,11;3,379269;-3,687476;-0,2238183264;M9;M7;M9
547;LP_771-21.7375.txt;2361,209;3,365734;-3,611353;-0,3191649932;M9;M8;M9
548;LP_785-18.7127.txt;2859,399;3,453921;-3,709901;-0,2015627951;M5;M4;M6
549;LP_792-32.7027.txt;2652,049;3,418205;-3,743125;-0,1348594185;M7;M5;M8
550;LP_799-3.7512.txt;2515,007;3,389102;-3,247473;0,0280140286;M8;M6;M9
551;LP_803-33.7051.txt;2601,927;3,412816;-3,622638;-0,3355583725;M7;M5;M8
552;LP_855-41.7071.txt;2535,31;3,400505;-3,553037;-0,3174190941;M8;M6;M9
553;LP_885-45.7014.txt;2519,327;3,396533;-3,535763;-0,2174348721;M8;M6;M9
554;LP_912-62.7046.txt;3018,224;3,478374;-4,294002;-0,0481990075;M4;M4;M5
555;LP_912-63.7048.txt;2786,139;3,44258;-4,035709;-0,0572943757;M6;M5;M7
556;LP_944-20.7376.txt;2357,491;3,364125;-3,60771;-0,2733520312;M9;M8;M9
557;L_266-18_C.7312.txt;2618,284;3,406605;-3,520345;-0,5799788973;M7;M5;M8
558;L_32-8.7500.txt;2811,582;3,447741;-4,150539;0,0086418133;M5;M4;M7
559;L_32-9.7499.txt;2904,257;3,460825;-4,422345;-0,0111699119;M4;M4;M6
560;PC_0025p0447.6127.txt;2353,069;3,364461;-3,757171;0,0417844251;M9;M8;M9
561;PPl_2_(Pleiad).2014.txt;2370,462;3,368741;-3,542608;-0,0090204306;M9;M8;M9
562;PSS_1022p3016.7239.txt;2387,844;3,375167;-3,726052;-0,6547287207;M9;M8;M9
563;PSS_1458p2839.7442.txt;2377,378;3,367956;-3,698428;-0,4979639958;M9;M8;M9
564;RG_0050-2722.6167.txt;2405,444;3,373328;-3,761135;-0,2018527403;M9;M7;M9
565;SAO_127976.1468.txt;3094,289;3,485078;-3,958854;-0,0397315531;M4;M4;M4
566;SAO_141052.1414.txt;3018,565;3,474309;-3,915752;-0,1078416004;M4;M4;M5
567;SAO_141344.1461.txt;2570,816;3,400129;-3,28548;-0,1853530931;M8;M6;M9
568;SAO_21753.1470.txt;2961,592;3,465001;-3,995199;-0,0291495568;M4;M4;M5
569;SAO_22994.1474.txt;2772,037;3,433922;-3,635702;-0,1736083579;M6;M5;M7
570;SAO_28843.1410.txt;3196,75;3,501264;-4,123182;-0,020532304;M3;M3;M4
571;SAO_30653.1462.txt;3158,911;3,492483;-4,39829;0,1215628654;M3;M3;M4
572;SAO_34651.1467.txt;2776,276;3,435859;-3,553501;-0,0827936155;M6;M5;M7
573;SAO_36509.1443.txt;3008,225;3,472813;-4,077116;0,001817336;M4;M4;M5
574;SAO_52516.1432.txt;3010,44;3,47121;-3,958529;-0,1075535927;M4;M4;M5
575;SAO_63349.1460.txt;3135,094;3,493282;-3,891741;0,0196174012;M3;M3;M4
576;SAO_67559.1463.txt;3149,303;3,491654;-4,117693;0,1597363112;M3;M3;M4
577;SAO_82478.1115.txt;2570,253;3,40146;-3,448779;-0,4640255222;M8;M6;M9
578;SAO_91792.1440.txt;2971,619;3,46765;-3,787819;-0,0160138921;M4;M4;M5
579;StKM_1-1440.7366.txt;2541,224;3,394258;-3,283979;-0,2935090085;M8;M6;M9
580;TVLM_262-111511.7389.txt;2365,624;3,368412;-3,449252;-0,2231412194;M9;M8;M9
581;TVLM_262-70502.7383.txt;2369,394;3,370224;-3,543074;-0,6123649543;M9;M8;M9
582;TVLM_513-42404_A.7444.txt;2366,597;3,368358;-3,593744;-0,7018598104;M9;M8;M9
583;TVLM_513-42404_B.7445.txt;2454,587;3,378839;-3,513697;-0,1570791012;M9;M7;M9
584;TVLM_513-46546.7072.txt;2352,629;3,36452;-3,672781;-0,4167418719;M9;M8;M9
585;TVLM_513-8328.7416.txt;2360,689;3,365901;-3,619337;-0,2155495038;M9;M8;M9
586;TVLM_832-10443.7361.txt;2323,425;3,360005;-3,629415;-0,2823923596;M9;M8;M9
587;TVLM_832-42500.7295.txt;2428,475;3,378873;-3,581447;-0,452246036;M9;M7;M9
588;TVLM_868-110639.7094.txt;2368,708;3,367466;-3,813807;-0,6411156454;M9;M8;M9
589;TVLM_868-110639.7308.txt;2344,546;3,363309;-3,715094;-0,3531585009;M9;M8;M9
590;Terzan_22.7477.txt;3250,126;3,50951;-3,954766;-0,1213512766;M3;M2;M4
591;WT_426.7472.txt;2929,739;3,463936;-3,32567;-0,3155615041;M4;M4;M6
592;WT_460.7473.txt;2381,937;3,373972;-3,713753;-0,7638582646;M9;M8;M9
593;WT_562.7313.txt;2476,378;3,38853;-3,604494;-0,5639647137;M9;M7;M9
594;WT_792.7370.txt;2409,55;3,375352;-3,50833;-0,3469743929;M9;M7;M9
595;WT_804.7490.txt;2753,678;3,43609;-3,194454;-0,3796012748;M6;M5;M7
