designation,gl_name,lhs_name,other_name,spectral_type,
2MASS J00013375+2808426, , ,CTI 000055.2+280432,M4.5 V,CTI_000055.2p280432.0333.txt
2MASS J00021839+2802313, , ,CTI 000139.9+275821,M4.5 V,CTI_000139.9p275821.6197.txt
2MASS J00042994+2805488, , ,CTI 000351.3+280138,sdM0,CTI_000351.3p280138.5028.txt
2MASS J00043643-4044020,GJ 1001,LHS 102, ,M4 V,GJ_1001.7357.txt
2MASS J00050868-1119176, ,LP 704-43, ,M4.5 V,LP_704-43.7004.txt
2MASS J00052423-3721257,Gl 1,LHS 1,G 267-25,M3 V,Gl_1.7358.txt
2MASS J00053375+2807090, , ,CTI 000455.2+280301,M6 V,CTI_000455.2p280301.4007.txt
2MASS J00061615+2803007, , ,CTI 000537.5+275850,M1 V,CTI_000537.5p275850.5031.txt
2MASS J00064325-0732147,GJ 1002,LHS 2,G 158-27,M5.5 V,GJ_1002.7114.txt
2MASS J00100772+2808464, , ,CTI 000928.8+280436,M1.5 V,CTI_000928.8p280436.5003.txt
2MASS J00133005+2809462, , ,CTI 001251.1+280535A,M3.5 V,CTI_001251.1p280535A.5034.txt
2MASS J00133005+2809462, , ,CTI 001251.1+280535B,M3.5: V,CTI_001251.1p280535B.5035.txt
2MASS J00143615+2012240, , ,SAO 91792,M2 III,SAO_91792.1440.txt
2MASS J00152799-1608008,GJ 1005 AB,LHS 1047AB,G 158-50 AB,M4 V,GJ_1005_AB.6205.txt
2MASS J00182256+4401222,Gl 15 A,LHS 3,BD +43 44 A,M1.5 V,Gl_15_A.7101.txt
2MASS J00182549+4401376,Gl 15 B,LHS 4,BD +43 44 B,M3.5 V,Gl_15_B.7102.txt
2MASS J00212774-6351081, , ,F 79-18,M5.5 V,F_79-18.7374.txt
2MASS J00222152+2809570, , ,CTI 002142.1+280548,M4 V,CTI_002142.1p280548.5005.txt
2MASS J00242463-0158201, , ,BRI 0021-0214,M9.5 V,BRI_0021-0214.7128.txt
2MASS J00243142+2810138, , ,CTI 002352.0+280605,K7 V,CTI_002352.0p280605.0475.txt
2MASS J00244419-2708242,GJ 2005 ABC,LHS 1070 ABC, ,M5.5 V,GJ_2005_ABC.7359.txt
2MASS J00260048-1918519, ,LHS 1075, ,DwCarbon,LHS_1075.6157.txt
2MASS J00264281+2803300, , ,CTI 002603.4+275922,M5.5 V,CTI_002603.4p275922.2154.txt
2MASS J00274197+0503417, , ,PC 0025+0447,M9.5pec V,PC_0025p0447.6127.txt
2MASS J00293732+1021514, ,LP 465-27, ,M5.5 V,LP_465-27.7010.txt
2MASS J00322970+6714080,Gl 22 AC,LHS 114 AB,BD +66 34 AC,M2 V,Gl_22_AC.6206.txt
2MASS J00322979+6714043,Gl 22 B,LHS 115,BD +66 34 B,M3 V,Gl_22_B.6207.txt
2MASS J00351901+2807163, , ,CTI 003439.1+280309,M4 V,CTI_003439.1p280309.5008.txt
2MASS J00364644+4429189, , ,SAO 36509,K7 III,SAO_36509.1443.txt
2MASS J00382096+1658499, ,LP 405-39, ,M5.5 V,LP_405-39.7011.txt
2MASS J00432451+2805444, , ,CTI 004244.4+280140,M6 V,CTI_004244.4p280140.4008.txt
2MASS J00444681+2807418, , ,CTI 004406.7+280336,M1.5 V,CTI_004406.7p280336.5009.txt
2MASS J00460588+2808418, , ,CTI 004525.7+280437,M4.5 V,CTI_004525.7p280437.0493.txt
2MASS J00490516+5749037,Gl 34 B,LHS 122,Eta Cas B,K7 V,Gl_34_B.7103.txt
2MASS J00495176+2803562, , ,CTI 004911.4+275952,M4.5 V,CTI_004911.4p275952.2158.txt
2MASS J00501646+6007557, , ,SAO 21753,K7 III,SAO_21753.1470.txt
2MASS J00514100+2808335, , ,CTI 005100.5+280430,M4 V,CTI_005100.5p280430.5010.txt
2MASS J00524886+1712434, ,LP 406-29, ,sdM,LP_406-29.7391.txt
2MASS J00525468-2705597, , ,RG 0050-2722,M8: V,RG_0050-2722.6167.txt
2MASS J01004911-1933398, ,LP 766-89, ,M5 V,LP_766-89.7005.txt
2MASS J01023213+7140475,Gl 48,LHS 131,BD +70 68b,M2.5 V,Gl_48.7225.txt
2MASS J01023895+6220422,Gl 49,LHS 1179,BD +61 195,M2 V,Gl_49.7261.txt
2MASS J01025100-3737438, ,LHS 132, ,M8 V,LHS_132.7322.txt
2MASS J01031971+6221557,Gl 51,LHS 1183,Wolf 47,M5 V,Gl_51.9042.txt
2MASS J01041281+2806344, , ,CTI 010332.0+280234,M3.5 V,CTI_010332.0p280234.5011.txt
2MASS J01045368-1807292,GJ 1028,LHS 134,G 268-110,M5 V,GJ_1028.7287.txt
2MASS J01102281-6726425,Gl 54,LHS 1208,CP -68 41,M3 V,Gl_54.7495.txt
2MASS J01112542+1526214, ,LP 467-16, ,M5 V,LP_467-16.7321.txt
2MASS J01123052-1659570,Gl 54.1,LHS 138,YZ Cet,M4.5 V,Gl_54.1.7104.txt
2MASS J01174991+2802453, , ,CTI 011708.6+275850,M3.5 V,CTI_011708.6p275850.0334.txt
2MASS J01190828+2809098, , ,CTI 011826.7+280514,M6 V,CTI_011826.7p280514.5007.txt
2MASS J01210469+2807160, , ,CTI 012023.2+280321A,M4 V,CTI_012023.2p280321A.0495.txt
2MASS J01210469+2807160, , ,CTI 012023.2+280321B,M3: V,CTI_012023.2p280321B.0498.txt
2MASS J01234505+2808432, , ,CTI 012303.4+280449,M0 V,CTI_012303.4p280449.5012.txt
2MASS J01255935+2804527, , ,CTI 012517.7+280101,M6 V,CTI_012517.7p280101.6158.txt
2MASS J01255941+2806403, , ,CTI 012517.7+280247,M0 V,CTI_012517.7p280247.0478.txt
2MASS J01273917+2805536, , ,CTI 012657.5+280202,M8.5 V,CTI_012657.5p280202.4009.txt
2MASS J01282067+0211182, ,LHS 1252, ,M6 V,LHS_1252.6208.txt
2MASS J01341235-1059399, ,LP 708-98, ,M4.5 V,LP_708-98.7013.txt
2MASS J01382523+2809451, , ,CTI 013743.0+280553:,M4.5 V,CTI_013743.0p280553:.5039.txt
2MASS J01390120-1757026,GL 65B,LHS 10,UV Cet,M6 V,GL_65B.9002.txt
2MASS J01390120-1757026,Gl 65 A,LHS 9,G 272-61 A,M5.5 V,Gl_65_A.9001.txt
2MASS J01432015+0419172,Gl 70,LHS 1290,G 3-14,M2.5 V,Gl_70.7265.txt
2MASS J01475909+2805251, , ,CTI 014716.6+280142,M6 V,CTI_014716.6p280142.5038.txt
2MASS J01515850+2808387, , ,CTI 015115.8+280458,M3.5 V,CTI_015115.8p280458.5013.txt
2MASS J01520960+3400358, , ,2MASP J0152096+340037,M6.5 V,2MASP_J0152096p340037.7381.txt
2MASS J01542115+2804154, , ,CTI 015338.5+280036,M3.5 V,CTI_015338.5p280036.0299.txt
2MASS J01565051+2806200, , ,CTI 015607.7+280241,M6.5 V,CTI_015607.7p280241.4010.txt
2MASS J01565316+0331567, ,LHS 1317, ,M6 V,LHS_1317.7293.txt
2MASS J01565369+0332014, ,LHS 1318, ,M4 V,LHS_1318.7281.txt
2MASS J01570838+2805131, , ,CTI 015625.5+280135,M6 V,CTI_015625.5p280135.1110.txt
2MASS J01574885+2808555, , ,CTI 015705.9+280519,M4.5 V,CTI_015705.9p280519.2162.txt
2MASS J01585574+2808157, , ,CTI 015812.8+280439,K7 V,CTI_015812.8p280439.5014.txt
2MASS J01590822+2804572, , ,CTI 015825.4+280120,M1.5 V,CTI_015825.4p280120.5015.txt
2MASS J02001278+1303112,Gl 83.1,LHS 11,TZ Ari,M4.5 V,Gl_83.1.6209.txt
2MASS J02021620+1020136, ,LHS 1326, ,M5.5 V,LHS_1326.7233.txt
2MASS J02050492-1736528,Gl 84,LHS 149,BD -18 359,M2.5 V,Gl_84.7267.txt
2MASS J02101576+5633327, , ,SAO 22994,M2 I,SAO_22994.1474.txt
2MASS J02135359-3202282,Gl 91,LHS 1361,CD -32 828,M2 V,Gl_91.7496.txt
2MASS J02150802-3040011, ,LHS 1367, ,M7.5 V,LHS_1367.7377.txt
2MASS J02162977+1335136, ,LHS 1375, ,M6 V,LHS_1375.7235.txt
2MASS J02181650-2740468, ,LP 885-45, ,M4.5 V,LP_885-45.7014.txt
2MASS J02192935+2804126, , ,CTI 021845.9+280047,M7 III,CTI_021845.9p280047.5016.txt
2MASS J02253687+2408349, ,LP 353-59, ,M4.5 V,LP_353-59.7006.txt
2MASS J02312087+2102383, ,LP 410-39, ,M5 V,LP_410-39.7007.txt
2MASS J02325397+2806272, , ,CTI 023210.0+280313,M6 V,CTI_023210.0p280313.4011.txt
2MASS J02333717+2455392,Gl 102,LHS 1417,G 36-24,M4 V,Gl_102.7279.txt
2MASS J02361535+0652191,Gl 105 B,LHS 16,BD +6 398 B,M3.5 V,Gl_105_B.7105.txt
2MASS J02441537+2531249,Gl 109,LHS 1439,Ross 556,M3 V,Gl_109.7106.txt
2MASS J02484100-1651216, ,LP 771-21,BRI 0246-1703,M8 V,LP_771-21.7375.txt
2MASS J02502995+1125083, ,LP 471-17, ,sdM,LP_471-17.7008.txt
2MASS J02522628+0056223, , ,TVLM 832-10443,M8 V,TVLM_832-10443.7361.txt
2MASS J03023492-0116252, , ,TVLM 832-42500,M6.5 V,TVLM_832-42500.7295.txt
2MASS J03132299+0446293,GJ 1057,LHS 168,G 77-31,M5 V,GJ_1057.7231.txt
2MASS J03154786+2806002, , ,CTI 031502.6+280315,M3.5 V,CTI_031502.6p280315.6162.txt
2MASS J03205965+1854233, ,LP 412-31, ,M8 V,LP_412-31.7387.txt
2MASS J03252794+2806361, , ,CTI 032442.5+280400,M4 V,CTI_032442.5p280400.6160.txt
2MASS J03274493+2801464, , ,CTI 032659.6+275912,M4.5 V,CTI_032659.6p275912.6161.txt
2MASS J03323808+0157599, ,LHS 1555,G 77-61,DwCarbon,LHS_1555.6159.txt
2MASS J03330797+3246238, ,LP 300-55, ,M4.5 V,LP_300-55.7126.txt
2MASS J03351519+2055512, ,LHS 1564, ,sdM,LHS_1564.7393.txt
2MASS J03355969-4430453,GJ 1061,LHS 1565, ,M5.5 V,GJ_1061.7378.txt
2MASS J03385493+2231523, , ,2MASP J0338549+223153,M6.5 V,2MASP_J0338549p223153.7202.txt
2MASS J03393521-3525440, ,LP 944-20,BRI 0337-3535,M9 V,LP_944-20.7376.txt
2MASS J03395284+2457273, , ,2MASP J0339528+245728,M8 V,2MASP_J0339528p245728.7243.txt
2MASS J03412257+2805105, , ,CTI 034036.8+280248,M6 V,CTI_034036.8p280248.5040.txt
2MASS J03450944+2358450, , ,PPl 2 (Pleiad),M5.5 V,PPl_2_(Pleiad).2014.txt
2MASS J03465342+2803255, , ,CTI 034607.5+280109,M4.5 V,CTI_034607.5p280109.2011.txt
2MASS J03540135+2316339, , ,2MASP J0354013+231635,M8 V,2MASP_J0354013p231635.7201.txt
2MASS J03583657+2803099, ,LP 301-16,CTI 035750.4+280105,M5 V,LP_301-16.2093.txt
2MASS J04052868+2229307, ,LHS 1625, ,sdM,LHS_1625.7251.txt
2MASS J04072048-2429129, ,LHS 1630, ,M3.5 V,LHS_1630.7122.txt
2MASS J04152173-0739173,Gl 166 C,LHS 25,Omicron 2 Eri C,M4.5 V,Gl_166_C.6211.txt
2MASS J04210601+1855310, ,LHS 1660a, ,M3.5 V,LHS_1660a.7217.txt
2MASS J04261992+0336359, ,LHS 191, ,M6.5 V,LHS_191.9008.txt
2MASS J04311147+5858375,Gl 169.1 A,LHS 26,Stein 2051 A,M4 V,Gl_169.1_A.6210.txt
2MASS J04401450+1538531, ,LHS 1691, ,sdM,LHS_1691.6213.txt
2MASS J04425581+1857285,Gl 176,LHS 196,BD +18 683,M2 V,Gl_176.7215.txt
2MASS J05015746-0656459, ,LHS 1723, ,M3.5 V,LHS_1723.7082.txt
2MASS J05015881+0958587, ,LP 476-207, ,M3.5 V,LP_476-207.7083.txt
2MASS J05022845-2115236,Gl 185 AB, ,BD -21 1051 AB,K7 V,Gl_185_AB.7060.txt
2MASS J05114046-4501051,Gl 191,LHS 29,Kapteyn's Star,M1.5 V,Gl_191.7497.txt
2MASS J05312734-0340356,Gl 205,LHS 30,BD -3 1123,M1.5 V,Gl_205.9013.txt
2MASS J05331913+4448587,GJ 1081 AB, ,G 96-45,M3 V,GJ_1081_AB.6217.txt
2MASS J05381265+7931186, ,LHS 207, ,M6 V,LHS_207.7120.txt
2MASS J05420897+1229252,Gl 213,LHS 31,Ross 47,M4 V,Gl_213.6214.txt
2MASS J05531404+2415329,Gl 220,LHS 1794,Ross 59,M2 V,Gl_220.6215.txt
2MASS J06000351+0242236, , ,G 99-49,M3.5 V,G_99-49.7017.txt
2MASS J06011106+5935508, ,LHS 1805,G 192-13,M3.5 V,LHS_1805.7016.txt
2MASS J06022261-2019447, ,LHS 1807, ,M3 V,LHS_1807.7123.txt
2MASS J06022918+4951561, ,LHS 1809,G 192-15,M5 V,LHS_1809.7229.txt
2MASS J06054579+4719552, ,LP 159-47, ,M4.5 V,LP_159-47.7086.txt
2MASS J06101978+8206256,Gl 226,LHS 215,G 222-11,M2.5 V,Gl_226.6218.txt
2MASS J06103462-2151521,Gl 229,LHS 1827,BD -21 1377,M1 V,Gl_229.7259.txt
2MASS J06105481+1019056,Gl 228 A,LHS 1830 A,BD +10 1032,M3 V,Gl_228_A.7219.txt
2MASS J06105481+1019056,Gl 228 B,LHS 1830 B, ,M4 V,Gl_228_B.7223.txt
2MASS J06110330+6818333, ,LHS 1829, ,M6.5 V,LHS_1829.7237.txt
2MASS J06244132+2325585,Gl 232,LHS 1846,Ross 64,M4 V,Gl_232.9018.txt
2MASS J06292339-0248499,Gl 234 AB,LHS 1849/50,Ross 614 AB,M4.5 V,Gl_234_AB.6212.txt
2MASS J06334337-7537482, ,L 32-9,(brighter component),M3 V,L_32-9.7499.txt
2MASS J06334690-7537301, ,L 32-8,(dimmer component),M3.5 V,L_32-8.7500.txt
2MASS J06503851+2803472, , ,CTI 064951.4+280442,M5.5 V,CTI_064951.4p280442.2100.txt
2MASS J06521804-0511241,Gl 250 B,LHS 1876,BD -5 1844 B,M2.5 V,Gl_250_B.9021.txt
2MASS J06523790+2802142, , ,CTI 065150.8+280311,M5.5 V,CTI_065150.8p280311.2104.txt
2MASS J06540419+6052191, ,LHS 221 AB,G 250-29 AB,M2.5 V,LHS_221_AB.6216.txt
2MASS J06544902+3316058,Gl 251,LHS 1879,Wolf 294,M3 V,Gl_251.9022.txt
2MASS J06574663-4417281,Gl 257 AB,LHS 222,CD -44 3045,M3 V,Gl_257_AB.7498.txt
2MASS J06575703+6219197, ,LHS 1885,G 250-31,M4.5 V,LHS_1885.7085.txt
2MASS J06592868+1920577,GJ 1093,LHS 223,G 109-35,M5 V,GJ_1093.7018.txt
2MASS J07003749+2801236, , ,CTI 065950.5+280228,M4.5 V,CTI_065950.5p280228.2022.txt
2MASS J07035565+5242075, ,LHS 224,G 193-27,M4.5 V,LHS_224.7285.txt
2MASS J07054224+2728151,Gl 265 A, ,BD +27 1311,K7 V,Gl_265_A.9023.txt
2MASS J07075327-4900503, , ,ESO 207-61,M8.5 V,ESO_207-61.7501.txt
2MASS J07100180+3831457,Gl 268 AB,LHS 226 AB,Ross 986 AB,M4.5 V,Gl_268_AB.9025.txt
2MASS J07161977+2708331,Gl 268.3, ,BD +27 1348,M2.5 V,Gl_268.3.7084.txt
2MASS J07193126+3249482,Gl 270,LHS 1912,BD +33 1505,M0 V,Gl_270.7257.txt
2MASS J07272450+0513329,Gl 273,LHS 33,Luyten's Star,M3.5 V,Gl_273.9027.txt
2MASS J07304280+4811599,Gl 275.2 A,LHS 229,G 107-69,M4 V,Gl_275.2_A.9028.txt
2MASS J07362513+0704431, , ,G 89-32,M4.5 V,G_89-32.7064.txt
2MASS J07401922-1724449,Gl 283 B,LHS 234, ,M6 V,Gl_283_B.7089.txt
2MASS J07444018+0333089,Gl 285,LHS 1943,Ross 882,M4 V,Gl_285.7038.txt
2MASS J07505951+2804159, , ,CTI 075013.2+280613,M4.5 V,CTI_075013.2p280613.2111.txt
2MASS J07515465-0000117,GJ 1103 AB,LHS 1951/2,G 112-50,M4.5 V,GJ_1103_AB.7283.txt
2MASS J07535284+0854021, ,LHS 5129, ,M6 V,LHS_5129.7297.txt
2MASS J07565395-4538145, ,LHS 1957, ,M3 V,LHS_1957.7502.txt
2MASS J07580939+2803296, , ,CTI 075723.2+280533,M4 V,CTI_075723.2p280533.2026.txt
2MASS J07581269+4118134,GJ 1105,LHS 1963,G 111-47,M4 V,GJ_1105.7115.txt
2MASS J08115757+0846220,Gl 299,LHS 35,Ross 619,M4 V,Gl_299.7039.txt
2MASS J08124088-2133056,Gl 300,LHS 1989, ,M3.5 V,Gl_300.7040.txt
2MASS J08130849-1355006,Gl 301 AB,LHS 1991 AB,BD -13 2439 AB,K7 V,Gl_301_AB.5021.txt
2MASS J08160798+0118091,GJ 2066, ,G 113-20,M2 V,GJ_2066.7263.txt
2MASS J08180808+2759140, , ,CTI 081722.3+280138,M5.5 V,CTI_081722.3p280138.5042.txt
2MASS J08294949+2646348,GJ 1111,LHS 248,G 51-15 (DZ Cnc),M6.5 V,GJ_1111.7241.txt
2MASS J08303256+0947153, ,LHS 2021, ,M8 V,LHS_2021.7385.txt
2MASS J08305161+3612577, ,LHS 2023, ,sdM,LHS_2023.7395.txt
2MASS J08313744+1923494,GJ 2069 B, ,G 40-26,M4 V,GJ_2069_B.7436.txt
2MASS J08313759+1923395,GJ 2069 A, ,G 9-8,M4 V,GJ_2069_A.7434.txt
2MASS J08361828-1920377, ,LP 785-18, ,M3 V,LP_785-18.7127.txt
2MASS J08402975+1824091,Gl 316.1,LHS 2034,AZ Cnc,M6 V,Gl_316.1.5020.txt
2MASS J08405923-2327232,Gl 317,LHS 2037, ,M3 V,Gl_317.7458.txt
2MASS J08412013+5929505, ,LHS 252,G 234-45,M5.5 V,LHS_252.7291.txt
2MASS J08415108+2757326, , ,CTI 084106.0+280016,M5.5 V,CTI_084106.0p280016.5041.txt
2MASS J08435845+0600393, ,LHS 2045, ,sdM1,LHS_2045.5019.txt
2MASS J08512039+1028242, , ,2MASP J0851204+102825,M6 III+,2MASP_J0851204p102825.7247.txt
2MASS J08533619-0329321, ,LHS 2065, ,M9 V,LHS_2065.7245.txt
2MASS J08535631-2446565, ,LHS 2067, ,sdM,LHS_2067.6112.txt
2MASS J08550761+0132472,Gl 328,LHS 255,BD +2 2098,M0 V,Gl_328.9029.txt
2MASS J08581519+1945470,GJ 1116 AB,LHS 2076/7,EI Cnc AB,M5.5 V,GJ_1116_AB.5026.txt
2MASS J08585633+0828259, , ,G 41-14,M3.5 V,G_41-14.7065.txt
2MASS J09020533+2801399, , ,CTI 090120.6+280439,M5.5 V,CTI_090120.6p280439.0024.txt
2MASS J09020690+0033195, ,LHS 5142, ,M6 V,LHS_5142.9010.txt
2MASS J09101329+2800201, , ,CTI 090928.9+280324,M3.5 V,CTI_090928.9p280324.2038.txt
2MASS J09142298+5241125,Gl 338 A,LHS 260,BD +53 1320,M0 V,Gl_338_A.9030.txt
2MASS J09142485+5241118,Gl 338 B,LHS 261,BD +53 1321,K7 V,Gl_338_B.9031.txt
2MASS J09173071+7714405,Gl 338.1AB,LHS 264 AB,BD +77 361 AB,K7 V,Gl_338.1AB.5022.txt
2MASS J09180100+2802210, , ,CTI 091716.8+280531,M6 V,CTI_091716.8p280531.2124.txt
2MASS J09213783+2757472, , ,CTI 092053.7+280101,M1.5 V,CTI_092053.7p280101.6107.txt
2MASS J09241618+3516440, , ,G 117-B15 B,M3.5 V,G_117-B15_B.6114.txt
2MASS J09250700+2757284, , ,CTI 092423.0+280044,M3 V,CTI_092423.0p280044.6102.txt
2MASS J09253485+1704415, ,LP 427-38, ,M6 V,LP_427-38.7041.txt
2MASS J09262380+2757016, , ,CTI 092539.9+280018,M6.5 V,CTI_092539.9p280018.2034.txt
2MASS J09311936-1329192,Gl 352 AB,LHS 2151 AB,BD -12 2918,M3 V,Gl_352_AB.9011.txt
2MASS J09360161-2139371,Gl 357,LHS 2157, ,M3 V,Gl_357.7459.txt
2MASS J09371492+2759136, , ,CTI 093631.3+280237,M3 V,CTI_093631.3p280237.6103.txt
2MASS J09422253+4245356, , ,TVLM 262-111511,M8.5 V,TVLM_262-111511.7389.txt
2MASS J09424635-6853060,GJ 1128,LHS 271, ,M4.5 V,GJ_1128.7503.txt
2MASS J09442986-4546351,Gl 367,LHS 2182,CD -45 5378,M2 V,Gl_367.7460.txt
2MASS J09514769+4233506, , ,TVLM 262-70502,M6.5 V,TVLM_262-70502.7383.txt
2MASS J09550749-0040525, ,LP 608-54, ,M4 V,LP_608-54.7090.txt
2MASS J09563290-1001180, , ,BRI 0954-0946,M8 III,BRI_0954-0946.7249.txt
2MASS J09572417+2632507, ,LP 315-11, ,M4.5 V,LP_315-11.7063.txt
2MASS J10020345+4544560, ,LP 166-56, ,M5 V,LP_166-56.7020.txt
2MASS J10030220+2756572, , ,CTI 100219.5+280036,M3 V,CTI_100219.5p280036.6104.txt
2MASS J10074361+1134310, , ,2MASP J1007435+113432,M4.5 V,2MASP_J1007435p113432.7405.txt
2MASS J10094679+3343142, , ,CLS 22 B,M0.5 V,CLS_22_B.5024.txt
2MASS J10112218+4927153,Gl 380,LHS 280,BD +50 1725,K7 V,Gl_380.7021.txt
2MASS J10120466-0241044,Gl 381,LHS 2230,G 53-28,M2.5 V,Gl_381.9034.txt
2MASS J10121768-0344441,Gl 382, ,BD -3 2870,M2 V,Gl_382.9035.txt
2MASS J10143199+4354248, ,LHS 2238,G 146-15,sdM,LHS_2238.6144.txt
2MASS J10163470+2751497, ,LHS 2243, ,M8 V,LHS_2243.6145.txt
2MASS J10223691+3016584, , ,PSS 1022+3016,M6 V,PSS_1022p3016.7239.txt
2MASS J10285555+0050275,Gl 393,LHS 2272,BD +1 2447,M2 V,Gl_393.7023.txt
2MASS J10292182+2759386, , ,CTI 102840.1+280330,M5.5 V,CTI_102840.1p280330.2129.txt
2MASS J10304210+2800409, , ,CTI 103000.3+280432,M5.5 V,CTI_103000.3p280432.6108.txt
2MASS J10442131-6112384, ,LHS 288, ,M5.5 V,LHS_288.7300.txt
2MASS J10481258-1120082, ,LHS 292, ,M6.5 V,LHS_292.5025.txt
2MASS J10494561+3532515,GJ 1138,LHS 293,G 119-36,M4.5 V,GJ_1138.7403.txt
2MASS J10505201+0648292,Gl 402,LHS 294,Wolf 358,M4 V,Gl_402.7456.txt
2MASS J10524255+2800481, , ,CTI 105201.6+280448,M5 V,CTI_105201.6p280448.2133.txt
2MASS J10562886+0700527,Gl 406,LHS 36,Wolf 359,M6 V,Gl_406.7299.txt
2MASS J10574823+2758217, , ,CTI 105707.5+280223,M3 V,CTI_105707.5p280223.6105.txt
2MASS J10584326+2758494, , ,CTI 105802.4+280251,M2.5 V,CTI_105802.4p280251.6106.txt
2MASS J11032027+3558203,Gl 411,LHS 37,BD +36 2147,M2 V,Gl_411.7213.txt
2MASS J11052903+4331357,Gl 412 A,LHS 38,BD +44 2051 A,M1 V,Gl_412_A.7025.txt
2MASS J11053133+4331170,Gl 412 B,LHS 39,BD +44 2051 B,M5.5 V,Gl_412_B.7026.txt
2MASS J11061897+0428327, ,LHS 2351, ,M7 V,LHS_2351.7457.txt
2MASS J11064853+3336437, ,LHS 2352, ,sdM,LHS_2352.6146.txt
2MASS J11065691-1244024, ,LP 731-47,BRI 1104-1227,M6.5 V,LP_731-47.7323.txt
2MASS J11093138-2435548,Gl 413.1,LHS 2358,CD -23 9765,M2 V,Gl_413.1.7461.txt
2MASS J11111586+2755471, , ,CTI 111035.6+275951,K7 V,CTI_111035.6p275951.6111.txt
2MASS J11172463-0937053, ,LP 672-19, ,M2 V,LP_672-19.7091.txt
2MASS J11200526+6550470,Gl 424,LHS 41,SZ UMa,M1 V,Gl_424.7411.txt
2MASS J11214924-1313084, ,LHS 2397a, ,M8 V,LHS_2397a.7203.txt
2MASS J11252337+2800174, , ,CTI 112443.6+280426,M3: V,CTI_112443.6p280426.0029.txt
2MASS J11282966+2759576, , ,CTI 112750.0+280406,M5.5 V,CTI_112750.0p280406.0032.txt
2MASS J11311306+6309271,Gl 430, ,BD +63 965,K7 V,Gl_430.9038.txt
2MASS J11314395+2757528, , ,CTI 113104.4+280200,M4 V,CTI_113104.4p280200.2042.txt
2MASS J11321119-2002428, ,LP 792-32,LP 793-2,M3.5 V,LP_792-32.7027.txt
2MASS J11383614-3041289, , ,ESO 439-131,M6.5: V,ESO_439-131.7462.txt
2MASS J11421096+2642251,Gl 436,LHS 310,BD +27 28217,M3 V,Gl_436.7269.txt
2MASS J11431977-5150255,Gl 438,LHS 2447,CP -51 4413,M1 V,Gl_438.7302.txt
2MASS J11474143+7841283,Gl 445,LHS 2459,G 254-29,M3.5 V,Gl_445.7042.txt
2MASS J11474440+0048164,Gl 447,LHS 315,Ross 128,M4 V,Gl_447.7043.txt
2MASS J11505787+4822395,GJ 1151,LHS 316,G 122-49,M4.5 V,GJ_1151.7409.txt
2MASS J11510737+3516188,Gl 450, ,G 148-13,M1.5 V,Gl_450.7401.txt
2MASS J11535267+0659561, ,LHS 2471, ,M6.5 V,LHS_2471.7407.txt
2MASS J11571691+2755489, , ,CTI 115638.4+280000,M7 V,CTI_115638.4p280000.2050.txt
2MASS J11582644-4155034, ,LHS 2484,vB 6,M3.5 V,LHS_2484.7463.txt
2MASS J11585679-2743057, ,LHS 2487, ,M4 V,LHS_2487.7067.txt
2MASS J12022256+2801145, , ,CTI 120144.1+280527,M6: V,CTI_120144.1p280527.0037.txt
2MASS J12031515+2755368, , ,CTI 120236.8+275947,M2.5 V,CTI_120236.8p275947.2054.txt
2MASS J12100559-1504156, ,LHS 2520, ,M3.5 V,LHS_2520.7506.txt
2MASS J12141654+0037263,GJ 1154 AB,LHS 2531,G 13-22,M5.5 V,GJ_1154_AB.7468.txt
2MASS J12173029-2902205, ,LHS 323, ,M4 V,LHS_323.7470.txt
2MASS J12185939+1107338,GJ 1156,LHS 324,GL Vir,M5 V,GJ_1156.7031.txt
2MASS J12215248-1353102, , ,BRI 1219-1336,M9 III,BRI_1219-1336.7304.txt
2MASS J12245222-1238352, , ,BRI 1222-1222,M9 V,BRI_1222-1222.7092.txt
2MASS J12245243-1814303,Gl 465,LHS 45,Ross 695,M3 V,Gl_465.7469.txt
2MASS J12285759+0825316,Gl 469 AB,LHS 2565,Wolf 414,M3.5 V,Gl_469_AB.7507.txt
2MASS J12331738+0901157,Gl 473 AB,LHS 333 AB,Wolf 424 AB,M5.5 V,Gl_473_AB.0021.txt
2MASS J12375231-5200055,Gl 479,LHS 336,CD -51 6859,M3 V,Gl_479.7305.txt
2MASS J12384914-3822527, ,LHS 337, ,M4.5 V,LHS_337.7306.txt
2MASS J12424647+2926197, , ,2MASP J1242464+292619,M8: V,2MASP_J1242464p292619.7205.txt
2MASS J12443158+2547208, , ,2MASP J1244316+254720,M5.5 V,2MASP_J1244316p254720.7516.txt
2MASS J12452649+2756182, , ,CTI 124450.0+280024,M5.5 V,CTI_124450.0p280024.6109.txt
2MASS J12453699+2707438, , ,SAO 82478,M4 III,SAO_82478.1115.txt
2MASS J12460944+2916032, , ,2MASP J1246094+291603,M6.5 V,2MASP_J1246094p291603.7517.txt
2MASS J12465176+3148104, ,LHS 2632, ,M7.5 V,LHS_2632.6147.txt
2MASS J12475664+0945050,Gl 486,LHS 341,Wolf 437,M3 V,Gl_486.7466.txt
2MASS J12490273+6606366,Gl 487 ABC, ,G 237-78,M3 V,Gl_487_ABC.7413.txt
2MASS J12490913+2800570, , ,CTI 124832.6+280502,M5.5 V,CTI_124832.6p280502.0042.txt
2MASS J12531240+4034038, ,LHS 2645, ,M7.5 V,LHS_2645.6148.txt
2MASS J12543696+2538509, , ,2MASP J1254370+253850,M7.5 V,2MASP_J1254370p253850.7206.txt
2MASS J12562284+2830466, , ,2MASP J1256227+283047,M7.5 V,2MASP_J1256227p283047.7204.txt
2MASS J13003350+0541081,Gl 493.1,LHS 2664,Wolf 461,M4.5 V,Gl_493.1.7467.txt
2MASS J13004666+1222325,Gl 494 AB,LHS 2665,BD +13 2618,M1.5 V,Gl_494_AB.7508.txt
2MASS J13065963+3106207, , ,SAO 63349,M3 III,SAO_63349.1460.txt
2MASS J13070434+2048390,GJ 2097,LP 378-541, ,M2 V,GJ_2097.7464.txt
2MASS J13130939-4130396, , ,ER 2 (aka WT 392),M4.5 V,ER_2_(aka_WT_392).7471.txt
2MASS J13161674+2758304, ,LP 322-1178,CTI 131541.3+280227,M4 V,LP_322-1178.6169.txt
2MASS J13170713+2801449, , ,CTI 131631.6+280541,M2 V,CTI_131631.6p280541.6170.txt
2MASS J13194569+4746409,Gl 508 ABC, ,BD +48 2108 ABC,M1 V,Gl_508_ABC.5027.txt
2MASS J13291170+0918020, ,LP 497-97, ,M4.5 V,LP_497-97.7030.txt
2MASS J13295979+1022376,Gl 514,LHS 352,BD +11 2576,M1 V,Gl_514.7465.txt
2MASS J13310146-4535096, , ,WT 426,M3.5 V,WT_426.7472.txt
2MASS J13314666+2916368, , ,G 165-8,M4 V,G_165-8.7070.txt
2MASS J13372875+3543039,Gl 519, ,G 165-19,M0 V,Gl_519.7415.txt
2MASS J13374279-2232394, ,LP 855-41, ,M5 V,LP_855-41.7071.txt
2MASS J13390268+2802448, , ,CTI 133827.9+280663,M5.5 V,CTI_133827.9p280663.6110.txt
2MASS J13393256+2800489, , ,CTI 133857.8+280437,M3.5: V,CTI_133857.8p280437.3009.txt
2MASS J13404429+5440540, , ,SAO 28843,M2 III,SAO_28843.1410.txt
2MASS J13411167+3001259, ,LHS 358, ,M4.5 V,LHS_358.7438.txt
2MASS J13454354+1453317,Gl 526,LHS 47,BD +15 2620,M1.5 V,Gl_526.7033.txt
2MASS J13542183+2800399, ,LP 324-30,CTI 135347.7+280419,M6 V,LP_324-30.0494.txt
2MASS J13562062-2803497, ,LHS 2826, ,M4.5 V,LHS_2826.6150.txt
2MASS J13564432-1730117, ,LP 799-3, ,M4.5:: V,LP_799-3.7512.txt
2MASS J13591045-1950034, ,LHS 2836, ,M4.5 V,LHS_2836.7511.txt
2MASS J14040968+0740118, ,LHS 2855, ,M6.5 V,LHS_2855.7440.txt
2MASS J14110782+2758268, , ,CTI 141034.2+280158,M4.5 V,CTI_141034.2p280158.0323.txt
2MASS J14111760-0744498, , ,BRI 1408-0730,M10+ III,BRI_1408-0730.7324.txt
2MASS J14114490+2758095, ,LP 325-1,CTI 141111.3+280141,M5.5 V,LP_325-1.0046.txt
2MASS J14115998-4132211, , ,WT 460,M5 V,WT_460.7473.txt
2MASS J14121102-0035045, ,LHS 2875,G 64-52,M3 V,LHS_2875.7509.txt
2MASS J14121215-0035165, ,LHS 2876, ,M7 V,LHS_2876.7510.txt
2MASS J14121380-3158323, ,LP 912-62, ,M3 V,LP_912-62.7046.txt
2MASS J14121420-3158315, ,LP 912-63, ,M4.5 V,LP_912-63.7048.txt
2MASS J14131134+2802274, , ,CTI 141237.7+280557,M3 V,CTI_141237.7p280557.6179.txt
2MASS J14140322+2758010, , ,CTI 141329.8+280131,M2.5 V,CTI_141329.8p280131.6191.txt
2MASS J14170294+3142472, ,LHS 2887,G 165-61,M4.5pec V,LHS_2887.6151.txt
2MASS J14284323+3310391, ,LHS 2924, ,M9 V,LHS_2924.0490.txt
2MASS J14294291-6240465,Gl 551,LHS 49,Proxima Centauri,M5.5 V,Gl_551.7328.txt
2MASS J14303787+5943249, ,LHS 2930, ,M6.5 V,LHS_2930.6123.txt
2MASS J14325988-1056035, , ,BRI 1430-1042,M8-9 III,BRI_1430-1042.7325.txt
2MASS J14341683-1231106,Gl 555,LHS 2945,BD -11 3759,M3.5 V,Gl_555.7034.txt
2MASS J14461841-0715497, , ,BRI 1443-0703,M8-9 III,BRI_1443-0703.7326.txt
2MASS J14465233-5320580,GJ 2110, ,CoD -52 6295,M1 III+,GJ_2110.7367.txt
2MASS J14480337+1554149, ,LHS 2980, ,M6.5 V,LHS_2980.6149.txt
----- J1454290+160605,GL 569Bab, ,BD +16 2708,M8.5 V,GL_569Bab.0322.txt
2MASS J14542923+1606039,Gl 569 A, ,BD +16 2708 A,M3 V,Gl_569_A.0269.txt
2MASS J14562776+1755090, ,LHS 3002, ,M6 V,LHS_3002.7095.txt
2MASS J14563831-2809473, ,LHS 3003, ,M7 V,LHS_3003.7093.txt
2MASS J14572643-2124384,Gl 570 BC,LHS 386 AB,BD -20 4123 AB,M1 V,Gl_570_BC.7036.txt
2MASS J14582453+2839580, , ,PSS 1458+2839,M8.5 V,PSS_1458p2839.7442.txt
2MASS J15010818+2250020, , ,TVLM 513-46546,M8.5 V,TVLM_513-46546.7072.txt
2MASS J15022130+2525548, , ,TVLM 513-42404 A,M6.5 V,TVLM_513-42404_A.7444.txt
2MASS J15022131+2526039, , ,TVLM 513-42404 B,>=M10 V,TVLM_513-42404_B.7445.txt
2MASS J15061859+2758231, , ,CTI 150546.8+280117,M5.5 V,CTI_150546.8p280117.6180.txt
2MASS J15082576+0936181, , ,BRI 1506+0947,M9 III,BRI_1506p0947.7327.txt
2MASS J15101685-0241078, , ,TVLM 868-110639,M9 V,TVLM_868-110639.7308.txt
2MASS J15142053+2341051, , ,TVLM 513-8328,M8 V,TVLM_513-8328.7416.txt
2MASS J15192689-0743200,Gl 581,LHS 394,BD -7 4003,M2.5 V,Gl_581.7037.txt
2MASS J15194308+2609365, , ,2MASP J1519431+260937,M8 V,2MASP_J1519431p260937.7518.txt
2MASS J15204767+3002098, , ,2MASP J1520477+300210,M8.5 V,2MASP_J1520477p300210.7519.txt
2MASS J15242475+2925318, , ,2MASP J1524248+292535,M7.5 V,2MASP_J1524248p292535.7515.txt
2MASS J15321302-4116314,Gl 588,LHS 397,CD -40 9712,M3 V,Gl_588.7329.txt
2MASS J15394668+2759509, , ,CTI 153915.5+280214,M4: V,CTI_153915.5p280214.6172.txt
2MASS J15394676+2802218, , ,CTI 153915.6+280445,M6.5 V,CTI_153915.6p280445.6171.txt
2MASS J15401619+2800099, , ,CTI 153945.1+280233,M1.5 V,CTI_153945.1p280233.6190.txt
2MASS J15401924+2800580, , ,CTI 153948.1+280322,M2 V,CTI_153948.1p280322.6189.txt
2MASS J15420677-1928167,Gl 595,LHS 54, ,M3.5 V,Gl_595.7475.txt
2MASS J15430239+2801396, , ,CTI 154231.3+280401,M5.5 V,CTI_154231.3p280401.0053.txt
2MASS J15482366-1952483, ,LP 803-33, ,M5 V,LP_803-33.7051.txt
2MASS J15571239-6128557, ,LHS 3135, ,M4 V,LHS_3135.7474.txt
2MASS J16062804+2802373, , ,CTI 160557.4+280437,M3 V,CTI_160557.4p280437.3010.txt
2MASS J16141068+2758178, , ,CTI 161340.2+280011,M5.5 V,CTI_161340.2p280011.6121.txt
2MASS J16142073-0341393, , ,SAO 141052,M0.5 III,SAO_141052.1414.txt
2MASS J16200321-3731485,Gl 618 B,LHS 416, ,M5.5 V,Gl_618_B.7331.txt
2MASS J16200353-3731449,Gl 618 A,LHS 415,CD -37 10765,M3 V,Gl_618_A.7330.txt
2MASS J16221402-5051128, , ,L 266-18 "C",M III+ (r),L_266-18_C.7312.txt
2MASS J16240913+4821112,Gl 623 AB,LHS 417 AB,G 202-45 AB,M2.5 V,Gl_623_AB.7075.txt
2MASS J16241313+2801222, , ,CTI 162342.9+280305,M4 V,CTI_162342.9p280305.1097.txt
2MASS J16242628+2758003, , ,CTI 162356.1+275942,M3 V,CTI_162356.1p275942.3008.txt
2MASS J16252459+5418148,Gl 625, ,G 202-48,M1.5 V,Gl_625.3007.txt
2MASS J16295074+2801017, , ,CTI 162920.5+280239,M4 V,CTI_162920.5p280239.1098.txt
2MASS J16301808-1239434,Gl 628,LHS 419,BD -12 4523,M3 V,Gl_628.7058.txt
2MASS J16404524-4559590,Gl 633,LHS 3233, ,M2.5 V,Gl_633.7363.txt
2MASS J16450635+3330330,Gl 638, ,BD +33 2777,K7 V,Gl_638.7422.txt
2MASS J16451143-0305056, , ,SAO 141344,M5 III,SAO_141344.1461.txt
2MASS J16552527-0819207,Gl 643,LHS 427,BD -8 4352 C,M3.5 V,Gl_643.7054.txt
2MASS J16552880-0820103,Gl 644ABD,LHS 428 ABC,BD -8 4352 ABD,M2.5 V,Gl_644ABD.7053.txt
2MASS J16553529-0823401,Gl 644 C,LHS 429,vB 8,M7 V,Gl_644_C.7478.txt
2MASS J16570570-0420559,GJ 1207,LHS 3255,G 19-7,M4 V,GJ_1207.7476.txt
2MASS J16580884+2544392,Gl 649,LHS 3257,BD +25 3173,M0.5 V,Gl_649.3005.txt
2MASS J17032384+5124219, ,LHS 3262,G 203-42,M5 V,LHS_3262.7428.txt
2MASS J17090547+1127430, , ,StKM 1-1440,M5 III+,StKM_1-1440.7366.txt
2MASS J17093153+4340531, , ,G 203-47,M3.5 V,G_203-47.7076.txt
2MASS J17102828+2758099, , ,CTI 170958.5+275905,M5.5 V,CTI_170958.5p275905.6124.txt
2MASS J17120780+4539587,Gl 661 AB,LHS 433/4,BD +45 2505,M3 V,Gl_661_AB.0057.txt
2MASS J17165862+4512172, , ,2MASP J1716586+451216AB,M6 V,2MASP_J1716586p451216AB.7520.txt
2MASS J17174408+1140117,GJ 1215 AB,LHS 3277,G 139-29,M5.5 V,GJ_1215_AB.7420.txt
2MASS J17184769+2804273, , ,CTI 171818.0+280512,M5 V,CTI_171818.0p280512.4002.txt
2MASS J17185868-3459483,Gl 667 C,LHS 443, ,M2.5 V,Gl_667_C.7335.txt
2MASS J17190292-4638134,Gl 666 B,LHS 445, ,M1.5 V,Gl_666_B.7333.txt
2MASS J17195298+2630026,Gl 669 B, ,Ross 867,M4.5 V,Gl_669_B.1122.txt
2MASS J17195422+2630030,Gl 669 A, ,Ross 868,M3.5 V,Gl_669_A.1121.txt
2MASS J17210372-4802515,GJ 2129, , ,M1 III+,GJ_2129.7369.txt
2MASS J17254521+0206406,Gl 673,LHS 447,BD +2 3312,K7 V,Gl_673.7077.txt
2MASS J17275631-3240430, , ,Terzan 22,M0 V,Terzan_22.7477.txt
2MASS J17283991-4653424,Gl 674,LHS 449,CP -46 8664,M3 V,Gl_674.7336.txt
2MASS J17292004+2923309,Gl 677 AB, ,BD +29 3029 AB,K7 V,Gl_677_AB.4013.txt
2MASS J17302272+0532547,Gl 678.1, ,G 139-43,M1 V,Gl_678.1.7513.txt
2MASS J17362594+6820220,Gl 687,LHS 450,BD +68 946,M3 V,Gl_687.7080.txt
2MASS J17370367-4419088,Gl 682,LHS 451,CD -44 11909,M4.5 V,Gl_682.7337.txt
2MASS J17375330+1835295,Gl 686,LHS 452,BD +18 3421,M0 V,Gl_686.7079.txt
2MASS J17435595+4322441,Gl 694,LHS 3321,BD +43 2796,M3 V,Gl_694.7432.txt
2MASS J17462507+2743014,Gl 695 BC,LHS 3325, ,M4 V,Gl_695_BC.7424.txt
2MASS J17463427-5719081,Gl 693,LHS 454, ,M4 V,Gl_693.7338.txt
2MASS J17475851+2803102, , ,CTI 174729.0+280322,M6.5 V,CTI_174729.0p280322.4017.txt
2MASS J17495948+2241069, ,LHS 3332, ,M6 V,LHS_3332.7365.txt
2MASS J17553340+5824269, ,LHS 3339, ,M5.5 V,LHS_3339.0491.txt
2MASS J17563637+5129197, , ,SAO 30653,K5 III,SAO_30653.1462.txt
2MASS J17574849+0441405,Gl 699,LHS 57,Barnard's Star,M4 V,Gl_699.7479.txt
2MASS J17584996-5605412, ,LHS 3346, ,M4 V,LHS_3346.7514.txt
2MASS J18014977+2804108, , ,CTI 180120.1+280410,M2.5 V,CTI_180120.1p280410.6177.txt
2MASS J18021166+2759253, , ,CTI 180142.2+275924,M4 V,CTI_180142.2p275924.6195.txt
2MASS J18024637+2804596, , ,CTI 180216.8+280457,M3 V,CTI_180216.8p280457.6178.txt
2MASS J18032675+2804593, , ,CTI 180257.2+280456,M2: V,CTI_180257.2p280456.6173.txt
2MASS J18033455+2802590, , ,CTI 180305.0+280256,M2.5 V,CTI_180305.0p280256.6187.txt
2MASS J18042023+2801379, , ,CTI 180350.6+280133,M3 V,CTI_180350.6p280133.6183.txt
2MASS J18043783+2803573, , ,CTI 180408.2+280352,M0 V,CTI_180408.2p280352.6188.txt
2MASS J18050755-0301523,Gl 701,LHS 3356,BD -3 4233,M0 V,Gl_701.7078.txt
2MASS J18052601+2800546, , ,CTI 180456.3+280049,M3 V,CTI_180456.3p280049.6184.txt
2MASS J18054596+2804528, , ,CTI 180516.3+280448,M4.5 V,CTI_180516.3p280448.6174.txt
2MASS J18073292-1557464,GJ 1224,LHS 3359,G 154-44,M4.5 V,GJ_1224.7116.txt
2MASS J18185725+6611332, ,LHS 3376,G 258-33,M4.5 V,LHS_3376.7081.txt
2MASS J18222719+6203025,GJ 1227,LHS 465,G 227-29,M4.5 V,GJ_1227.7430.txt
2MASS J18261976-6547410, , ,WT 562,M5 V,WT_562.7313.txt
2MASS J18343664+4007266, ,LP 229-17, ,M4 V,LP_229-17.7455.txt
2MASS J18351833+4544379,Gl 720 A,LHS 3394,BD +45 2743 A,M0.5 V,Gl_720_A.0273.txt
2MASS J18410977+2447143,Gl 1230 AC,LHS 3405 AB,G 184-19,M4.5 V,Gl_1230_AC.7117.txt
2MASS J18410981+2447195,GJ 1230 B,LHS 3404, ,M4.5 V,GJ_1230_B.7118.txt
2MASS J18424666+5937499,Gl 725 A,LHS 58,BD +59 1915 A,M3 V,Gl_725_A.6199.txt
2MASS J18424688+5937374,Gl 725 B,LHS 59,BD +50 1915 B,M3.5 V,Gl_725_B.6200.txt
2MASS J18494929-2350101,Gl 729,LHS 3414,Ross 154,M3.5 V,Gl_729.7107.txt
2MASS J18543027+3653551, , ,SAO 67559,M4 II,SAO_67559.1463.txt
2MASS J18545365+1058401,Gl 734 A, ,BD +10 3724 A,M0 V,Gl_734_A.0324.txt
2MASS J18545381+1058434,Gl 734 B, ,BD +10 3724 B,M3.5 V,Gl_734_B.0275.txt
2MASS J18584804+2801479, , ,CTI 185818.3+280045,M2.5 V,CTI_185818.3p280045.6185.txt
2MASS J18584807+2800433, , ,CTI 185818.3+275940,M3 III,CTI_185818.3p275940.6186.txt
2MASS J19003660+2805567, , ,CTI 190006.8+280452,M5.5 III,CTI_190006.8p280452.6176.txt
2MASS J19004675+2806462, , ,CTI 190016.9+280541,K7 III,CTI_190016.9p280541.6198.txt
2MASS J19070556+2053168,Gl 745 A,LHS 3432,G 184-48,M3 V,Gl_745_A.7484.txt
2MASS J19071320+2052372,Gl 745 B,LHS 3433,G 184-49,M2 V,Gl_745_B.7485.txt
2MASS J19074283+3232396,Gl 747 AB,LHS 471,BD +32 3326,M3.5 V,Gl_747_AB.7426.txt
2MASS J19094768+2804197, , ,CTI 190917.7+280305,M6 III,CTI_190917.7p280305.1105.txt
2MASS J19121455+0253111,Gl 748 AB,LHS 472 AB,Wolf 1062 AB,M3.5 V,Gl_748_AB.0327.txt
2MASS J19124678+2803460, , ,CTI 191216.9+280228,M4 V,CTI_191216.9p280228.6155.txt
2MASS J19132895+2805112, , ,CTI 191258.9+280353,M7 III,CTI_191258.9p280353.1119.txt
2MASS J19135666+2800486, , ,CTI 191326.8+275930,M4.5 V,CTI_191326.8p275930.6164.txt
2MASS J19145895+0209543,Gl 748.2A,LHS 3447,BD +1 3942 A,K7 V,Gl_748.2A.7480.txt
2MASS J19145901+0209458,Gl 748.2B,LHS 3448,BD +1 3942 B,M0 V,Gl_748.2B.7481.txt
2MASS J19165526+0510086,Gl 752 A,LHS 473,BD +4 4048 A,M3 V,Gl_752_A.7482.txt
2MASS J19165762+0509021,Gl 752 B,LHS 474,vB 10,M8 V,Gl_752_B.7368.txt
2MASS J19203346-0739435,Gl 754.1 B, , ,M3 V,Gl_754.1_B.4001.txt
2MASS J19204795-4533283,Gl 754,LHS 60, ,M4.5 V,Gl_754.7339.txt
2MASS J19215188+2802275, , ,CTI 192121.7+280100,M0 V,CTI_192121.7p280100.4014.txt
2MASS J19231517+0731335,Gl 756.2, ,BD +7 4052,K7 III,Gl_756.2.0283.txt
2MASS J19292346+2805501, , ,CTI 192853.3+280415,M4 III,CTI_192853.3p280415.6163.txt
2MASS J19323790+0034390,Gl 761.2, ,BD +0 4241,M0.5 V,Gl_761.2.0325.txt
2MASS J19343982+0434572,Gl 763,LHS 3470,BD +4 4157,M0 V,Gl_763.0326.txt
2MASS J19364545-1026317,Gl 764.1 B, ,BD -10 5130 B,K7 V,Gl_764.1_B.0339.txt
2MASS J19462386+3201021,Gl 767 A,LHS 3482,BD +31 3767 A,M0.5 V,Gl_767_A.0340.txt
2MASS J19462414+3200585,Gl 767 B,LHS 3483,BD +31 3767 B,M2.5 V,Gl_767_B.6201.txt
2MASS J19493338-6249168, ,LHS 3487, ,M0 V,LHS_3487.7488.txt
2MASS J19535443+4424541,GJ 1245 AC,LHS 3494AB,G 208-44 AB,M5.5 V,GJ_1245_AC.0481.txt
2MASS J19535508+4424550,GJ 1245 B,LHS 3495,G 208-45,M6 V,GJ_1245_B.0497.txt
2MASS J20024703+0319344,Gl 775, ,BD +2 4076,K5 V,Gl_775.7353.txt
2MASS J20105242+7714201,Gl 786,LHS 3527,BD +76 785,K7 V,Gl_786.0329.txt
2MASS J20111207-3606063,Gl 783 B,LHS 487, ,M4 V,Gl_783_B.7344.txt
2MASS J20135335-4509506,Gl 784,LHS 3531,CD -45 13677,M0 V,Gl_784.7346.txt
2MASS J20191693-5621167, ,LHS 3538, ,M4 V,LHS_3538.7489.txt
2MASS J20260528+5834224,GJ 1253,LHS 3549,Wolf 1069,M5 V,GJ_1253.7289.txt
2MASS J20270816+2802037, , ,CTI 202636.9+275934,M4 V,CTI_202636.9p275934.6166.txt
2MASS J20280982+2804575, , ,CTI 202738.5+280227,M3 V,CTI_202738.5p280227.6165.txt
2MASS J20294834+0941202,Gl 791.2AB,LHS 3556 AB,HU Del,M4.5 V,Gl_791.2AB.1120.txt
2MASS J20295946+2804236, , ,CTI 202928.1+280151,M4 V,CTI_202928.1p280151.6156.txt
2MASS J20303207+6526586,Gl 793,LHS 3558,G 262-15,M3 V,Gl_793.7271.txt
2MASS J20392378-2926335, ,LHS 3566, ,M6 V,LHS_3566.7451.txt
2MASS J20403364+1529572,GJ 1256,LHS 495,G 144-25,M4.5 V,GJ_1256.7487.txt
2MASS J20415111-3226073,Gl 799 AB, ,AT Mic,M4.5 V,Gl_799_AB.7347.txt
2MASS J20450403+4429562,Gl 806,LHS 3577,G 209-41,M2 V,Gl_806.6203.txt
2MASS J20450949-3120266,Gl 803, ,AU Mic,M1.5 V,Gl_803.7348.txt
2MASS J20531977+6209156,Gl 809,LHS 3595,BD +61 2068,M0 V,Gl_809.5000.txt
2MASS J21065341+3844529,Gl 820 A,LHS 62,61 Cyg A,K5 V,Gl_820_A.7253.txt
2MASS J21065473+3844265,Gl 820 B,LHS 63,61 Cyg B,K7 V,Gl_820_B.7255.txt
2MASS J21171534-3852022,Gl 825,LHS 66,CD -39 14192,M0 V,Gl_825.7349.txt
2MASS J21183174-4505522, , ,HB 2115-4518,M8.5 V,HB_2115-4518.7343.txt
2MASS J21231041+6414119, ,LP 75-10,G 264-3,M2.5 V,LP_75-10.7273.txt
2MASS J21272613-4215183, , ,HB 2124-4228,M7.5 V,HB_2124-4228.7317.txt
2MASS J21293671+1738353,Gl 829 AB,LHS 508 AB,Ross 775 AB,M3.5 V,Gl_829_AB.5001.txt
2MASS J21300862-4446278, , ,HB 2126-4459,M8.5 V,HB_2126-4459.7316.txt
2MASS J21310650-0734205, , ,BRI 2128-0747,M8-9 III,BRI_2128-0747.7372.txt
2MASS J21311859-0947263,Gl 831 AB,LHS 511 AB,Wolf 922 AB,M4.5 V,Gl_831_AB.5002.txt
2MASS J21333397-4900323,Gl 832,LHS 3685,CP -49 11439,M3 V,Gl_832.7350.txt
2MASS J21342228-4316102, , ,WT 792,M5.5 V,WT_792.7370.txt
2MASS J21400162-4343158, , ,WT 804,M4 V,WT_804.7490.txt
2MASS J21535901+4146443,Gl 839,LHS 3727,G 215-20,M0.5 V,Gl_839.0331.txt
2MASS J21554787-1121421, ,LHS 515, ,sdM2.5,LHS_515.0492.txt
2MASS J22011310+2818248, , ,G 188-38,M3.5 V,G_188-38.7277.txt
2MASS J22021026+0124006,Gl 846,LHS 3745,BD +0 4810,M0.5 V,Gl_846.0292.txt
2MASS J22022935-3704512, ,LHS 3746, ,M4 V,LHS_3746.7354.txt
2MASS J22024035+0224136, , ,BRI 2200+0209(VY Peg),M7 III,BRI_2200p0209(VY_Peg).7373.txt
2MASS J22053575-1104287, ,LP 759-25,BRI 2202-1119,M5.5 V,LP_759-25.7009.txt
2MASS J22094029-0438267,Gl 849,LHS 517,BD -5 5715,M3 V,Gl_849.7492.txt
2MASS J22104999-1952249, , ,GRH 2208-2007,M7.5 V,GRH_2208-2007.7318.txt
2MASS J22110521-1940059, ,LHS 3768, ,sdM,LHS_3768.7000.txt
2MASS J22230696-1736250, ,LHS 3799, ,M4.5 V,LHS_3799.7124.txt
2MASS J22275958+5741453,Gl 860 A,LHS 3814,BD +56 2783 A,M3 V,Gl_860_A.4004.txt
2MASS J22275958+5741453,Gl 860 B,LHS 3815,BD +56 2783 B,M4 V,Gl_860_B.4006.txt
2MASS J22285440-1325178, ,LHS 523, ,M6.5 V,LHS_523.0472.txt
2MASS J22325677+5347405,Gl 863.1ABC,LHS 525 ABC,BD +53 2911 ABC,K7 V,Gl_863.1ABC.3004.txt
2MASS J22343310+2918493, , ,2MASP J2234330+291850,M8: V,2MASP_J2234330p291850.7453.txt
2MASS J22382773+2803125, , ,CTI 223752.5+275918,M1 V,CTI_223752.5p275918.6153.txt
2MASS J22383372-1517573,Gl 866 ABC,LHS 68 ABC,EZ Aqr,M5 V,Gl_866_ABC.9043.txt
2MASS J22383791+5647443, , ,SAO 34651,M4 III,SAO_34651.1467.txt
2MASS J22384530-2036519,Gl 867 B, , ,M4 V,Gl_867_B.7494.txt
2MASS J22384559-2037160,Gl 867 A,L 717-22?,BD -21 6267,M2 V,Gl_867_A.7493.txt
2MASS J22413146+2804477, , ,CTI 224056.1+280052,M1 V,CTI_224056.1p280052.6152.txt
2MASS J22464980+4420030,Gl 873,LHS 3853,BD +43 4305,M3.5 V,Gl_873.6204.txt
2MASS J22494591+2546448, ,LP 400-63, ,M5.5 V,LP_400-63.7003.txt
2MASS J22505986+2803535, , ,CTI 225024.0+275956,M4 V,CTI_225024.0p275956.6154.txt
2MASS J22531672-1415489,Gl 876,LHS 530,BD -15 6290,M3.5 V,Gl_876.7108.txt
2MASS J22554453+2806335, , ,CTI 225508.6+280234,M4 V,CTI_225508.6p280234.6175.txt
2MASS J22554532-7527320,Gl 877,LHS 531, ,M3 V,Gl_877.7351.txt
2MASS J22561921-1041289, , ,G 156-67,sdM1.5,G_156-67.7129.txt
2MASS J22562466-6003490,GJ 1277,LHS 532, ,M5 V,GJ_1277.7314.txt
2MASS J22562598+4944006, , ,SAO 52516,K5 I,SAO_52516.1432.txt
2MASS J22563497+1633130,Gl 880,LHS 533,BD +15 4733,M1.5 V,Gl_880.5029.txt
2MASS J23012385+2806192, , ,CTI 230047.6+280216,M5 V,CTI_230047.6p280216.4015.txt
2MASS J23055131-3551130,Gl 887,LHS 70,CD -36 15693,M1.5 V,Gl_887.7352.txt
2MASS J23070026+0924339, , ,SAO 127976,M1 III,SAO_127976.1468.txt
2MASS J23200703+1150071, ,LHS 3933, ,M6 V,LHS_3933.7125.txt
2MASS J23250245+2803561, , ,CTI 232425.5+275949,M5.5 V,CTI_232425.5p275949.5004.txt
2MASS J23261238+0853378,GJ 2155,LHS 3947,G 29-33,M0.5 V,GJ_2155.0332.txt
2MASS J23301341-2023271,GJ 1284, ,G 273-59,M4 V,GJ_1284.7356.txt
2MASS J23315208+1956142,Gl 896 A,LHS 3965,BD +19 5116 A,M3.5 V,Gl_896_A.7110.txt
2MASS J23315244+1956138,Gl 896 B,LHS 3966,BD +19 5116 B,M4.5 V,Gl_896_B.7111.txt
2MASS J23323841+2803523, , ,CTI 233201.1+275943,M6 V,CTI_233201.1p275943.5036.txt
2MASS J23351050-0223214,GJ 1286,LHS 546,G 157-77,M5.5 V,GJ_1286.7119.txt
2MASS J23390571+2802255, , ,CTI 233828.2+275817,M2.5: V,CTI_233828.2p275817.6168.txt
2MASS J23415498+4410407,Gl 905,LHS 549,Ross 248,M5.5 V,Gl_905.7112.txt
2MASS J23420275-0431048, , ,BRI 2339-0447,M7-8 III,BRI_2339-0447.7360.txt
2MASS J23430628+3632132,GJ 1289,LHS 4003,G 130-4,M3.5 V,GJ_1289.7226.txt
2MASS J23453127-1610198, ,LHS 4009,G 273-130,M5 V,LHS_4009.7319.txt
2MASS J23491255+0224037,Gl 908,LHS 550,BD +1 4774,M1 V,Gl_908.7320.txt
2MASS J23503508+2805464, , ,CTI 234957.0+280136,M5 V,CTI_234957.0p280136.4016.txt
