2MASS J00043643-4044020|All|PM I00046-4044  |      |    |    | |00 04 36.5|-40 44 02| 0.0769|He06| 0.626|-1.532|12.85|APASS|14.47|12.85|13.58|12.20|10.74| 8.601| 8.043| 7.737|A|M4| | 0.507| 0.456| 0.721|      | 1.829| 1.590|  2.25|     |3351|PHX| | 0.28| | 0.010| | 0.26|00043643-4044020|0
2MASS J00052423-3721257|All|PM I00054-3721  |   439|6995|1264|1|00 05 24.4|-37 21 26| 0.2304|VL07| 5.635|-2.338| 8.62|HIPPA| 9.99| 9.53| 9.70| 9.00| 7.55| 5.328| 4.828| 4.523|A|M2| | 0.645| 0.586| 0.819| -6.00| 0.400| 0.596| -0.23|     |3589|PHX| | 0.44| | 0.028| | 0.46|00052423-3721257|0
2MASS J00152799-1608008|All|PM I00154-1608  |  1242|    |    | |00 15 28.1|-16 08 01| 0.2005|VL07| 0.732|-0.608|11.43|HIPPA|13.24|11.58|12.31|10.85| 9.37| 7.215| 6.712| 6.390|A|M4|S| 0.450| 0.422| 0.689|-15.99| 1.800| 2.601| -0.22|-0.47|3227|PHX|-| 0.19|-| 0.003|-| 0.14|00152799-1608008|0
2MASS J00182256+4401222|All|PM I00183+4401  |  1475|2794| 157|1|00 18 22.9|+44 01 22| 0.2788|VL07| 2.889| 0.410| 8.15|HIPPA| 9.62| 8.68|     |     | 7.28| 5.252| 4.476| 4.018|A|M1|S| 0.698| 0.622| 0.820| -6.42| 0.986| 0.971| -0.36|-0.29|3669|PHX| | 0.47| | 0.036| | 0.50|00182256+4401222|0
2MASS J00182549+4401376|All|PM I00184+4401  |      |    |    | |00 18 25.9|+44 01 38| 0.2788|VL07| 2.912| 0.351|11.08|APASS|12.82|11.08|11.86|10.30| 8.81| 6.789| 6.191| 5.948|A|M4|S| 0.456| 0.415| 0.667|-16.56| 2.327| 2.971| -0.39|-0.17|3282|PHX| | 0.23| | 0.006| | 0.19|00182549+4401376|0
2MASS J00322970+6714080|All|PM I00324+6714  |      |    |    | |00 32 29.4|+67 14 08| 0.0993|VL07| 1.739|-0.225|10.45|APASS|11.87|10.45|11.09| 9.74| 8.59| 6.844| 6.268| 6.037|A|M3| | 0.660| 0.560| 0.775| -5.99| 1.269| 1.424| -0.04|     |3598|PHX| | 0.44| | 0.029| | 0.46|00322970+6714080|0
2MASS J00322979+6714043|All|PM I00324+6714  |      |    |    | |00 32 29.4|+67 14 08| 0.0993|VL07| 1.739|-0.225|10.45|APASS|11.87|10.45|11.09| 9.74| 8.59| 6.844| 6.268| 6.037|A|M3| | 0.660| 0.560| 0.775| -5.99| 1.269| 1.424| -0.04|     |3598|PHX| | 0.44| | 0.029| | 0.46|00322970+6714080|0
2MASS J01023213+7140475|All|PM I01025+7140  |  4856|4304| 700|1|01 02 32.2|+71 40 47| 0.1214|VL07| 1.745|-0.381|10.02|HIPPA|11.45|10.18|10.87| 9.61| 8.38| 6.301| 5.699| 5.449|A|M4| | 0.515| 0.480| 0.761| -5.23| 0.686| 1.694| -0.07|     |3475|PHX| | 0.37| | 0.019| | 0.37|01023213+7140475|0
2MASS J01023895+6220422|All|PM I01026+6220  |  4872|4021|1115|1|01 02 38.9|+62 20 42| 0.1004|VL07| 0.732| 0.090| 9.61|HIPPA|11.03| 9.75|10.43| 9.26| 8.15| 6.230| 5.582| 5.371|A|M2| | 0.647| 0.608| 0.818| -5.98| 0.883| 0.961| -0.06|     |3740|PHX| | 0.50| | 0.043| | 0.54|01023895+6220422|0
2MASS J01031971+6221557|All|PM I01033+6221  |      |    |    | |01 03 19.8|+62 21 55| 0.0955|VA95| 0.737| 0.087|13.32|USNOB|     |     |     |     |     | 8.611| 8.014| 7.718|A|M5|S| 0.359| 0.373| 0.647|-16.05| 2.592| 3.661| 10.59| 0.22|3094|PHX|-| 0.19|-| 0.003|-| 0.14|01031971+6221557|0
2MASS J01102281-6726425|All|PM I01103-6726  |  5496|8855| 238|1|01 10 22.9|-67 26 41| 0.1220|VL07| 0.393| 0.571| 9.81|HIPPA|11.32| 9.96|10.64| 9.30| 7.97| 5.997| 5.409| 5.132|A|M4| | 0.593| 0.519| 0.755|      | 1.060| 1.109|  3.94|     |3481|PHX| | 0.37| | 0.019| | 0.38|01102281-6726425|0
2MASS J01123052-1659570|All|PM I01125-1659  |  5643|    |    | |01 12 30.6|-16 59 56| 0.2710|VL07| 1.209| 0.641|11.96|HIPPA|13.90|12.16|12.89|11.45| 9.76| 7.258| 6.749| 6.420|A|M5| | 0.374| 0.352| 0.632|-19.81| 2.373| 3.757|  1.04|     |3062|PHX|-| 0.19|-| 0.003|-| 0.14|01123052-1659570|0
2MASS J01432015+0419172|All|PM I01433+0419  |  8051|  32|1005|1|01 43 20.2|+04 19 17| 0.0876|VL07|-0.418|-0.764|10.96|HIPPA|12.46|10.95|11.65|10.25| 9.15| 7.370| 6.809| 6.516|A|  | |      |      |      |      |      |      |      |     |3597|V-J| | 0.44| | 0.029| | 0.46|01432015+0419172|0
2MASS J02001278+1303112|All|PM I02002+1303  |      |    |    | |02 00 13.0|+13 03 07| 0.2177|Di14| 1.091|-1.780|12.41|APASS|14.13|12.41|13.10|11.64| 9.87| 7.514| 6.970| 6.648|A|M5| | 0.347| 0.361| 0.619|-18.17| 1.892| 4.236|  1.58|     |3074|PHX|-| 0.19|-| 0.003|-| 0.14|02001278+1303112|0
2MASS J02050492-1736528|All|PM I02050-1736  |  9724|5856|2250|1|02 05 04.8|-17 36 52| 0.1094|VL07| 1.315|-0.176|10.24|HIPPA|11.73|10.32|10.95| 9.61| 8.43| 6.542| 5.898| 5.662|A|M3|S| 0.575| 0.539| 0.788| -7.57| 1.281| 1.235| -0.42|-0.08|3600|PHX| | 0.44| | 0.029| | 0.46|02050492-1736528|0
2MASS J02135359-3202282|All|PM I02138-3202  | 10395|7007| 979|1|02 13 53.6|-32 02 28| 0.0797|VL07| 0.758|-0.534|10.36|HIPPA|11.80|10.46|11.07| 9.78| 8.78| 6.961| 6.327| 6.093|A|M2|S| 0.638| 0.594| 0.820| -7.38| 1.144| 1.066| -0.46| 0.01|3757|PHX| | 0.51| | 0.045| | 0.55|02135359-3202282|0
2MASS J02333717+2455392|All|PM I02336+2455  |      |    |    | |02 33 37.2|+24 55 37| 0.1024|VA95| 0.052|-0.661|13.00|APASS|14.65|13.00|13.71|12.35|10.69| 8.472| 7.913| 7.627|A|M5|S| 0.417| 0.407| 0.689|-15.46| 1.996| 2.760|  3.09| 0.01|3190|PHX|-| 0.19|-| 0.003|-| 0.14|02333717+2455392|0
2MASS J02361535+0652191|All|PM I02362+0652  |      |    |    | |02 36 15.3|+06 52 18|       |    | 1.813| 1.447|11.74|APASS|13.25|11.74|12.41|11.06| 9.54| 7.333| 6.793| 6.574|A|M4|S| 0.420| 0.433| 0.731|-13.18| 1.736| 2.136| -0.42|-0.02|3168|PHX|-| 0.19|-| 0.003|-| 0.14|02361535+0652191|0
2MASS J02441537+2531249|All|PM I02442+2531  | 12781|1772| 986|1|02 44 15.5|+25 31 24| 0.1332|VL07| 0.864|-0.364|10.59|HIPPA|12.15|10.70|11.34|10.00| 8.69| 6.752| 6.197| 5.961|A|M3|S| 0.540| 0.501| 0.758| -9.92| 1.357| 1.524| -0.26|-0.05|3401|PHX| | 0.32| | 0.013| | 0.31|02441537+2531249|0
2MASS J03132299+0446293|All|PM I03133+0446S |      |    |    | |03 13 22.9|+04 46 29| 0.1058|Di14| 1.740| 0.093|13.93|APASS|15.72|13.93|15.18|13.27|11.30| 8.775| 8.208| 7.833|A|M6| | 0.329| 0.380| 0.671|-14.34| 2.271| 4.030|  0.28|     |2992|PHX|-| 0.19|-| 0.003|-| 0.14|03132299+0446293|0
2MASS J03355969-4430453|All|PM I03359-4430  |      |    |    | |03 35 59.7|-44 30 45| 0.2719|He06| 0.678|-0.354|13.06|APASS|14.89|13.06|13.75|12.38|10.27| 7.523| 7.015| 6.610|A|  | |      |      |      |      |      |      |      |     |2999|V-J|-| 0.19|-| 0.003|-| 0.14|03355969-4430453|0
2MASS J04072048-2429129|All|PM I04073-2429  |      |    |    | |04 07 20.5|-24 29 12| 0.0562|Ri10| 0.147|-0.639|12.44|APASS|13.88|12.44|13.05|11.80|10.29| 8.239| 7.678| 7.441|A|M4|S| 0.440| 0.453| 0.746|-11.30| 1.441| 1.772| -0.43| 0.09|3290|PHX| | 0.23| | 0.006| | 0.20|04072048-2429129|0
2MASS J04311147+5858375|All|PM I04311+5858  | 21088|    |    | |04 31 11.5|+58 58 37| 0.1793|VL07| 1.303|-2.047|10.79|HIPPA|     |     |     |     |     | 6.622| 6.012| 5.717|A|M4|S| 0.442| 0.450| 0.744| -9.96| 2.051| 2.105| -0.30| 0.49|3277|PHX| | 0.22| | 0.005| | 0.18|04311147+5858375|0
2MASS J04425581+1857285|All|PM I04429+1857  | 21932|1275|2034|1|04 42 55.8|+18 57 29| 0.1078|VL07| 0.657|-1.116|10.00|HIPPA|11.49|10.14|10.73| 9.46| 8.34| 6.462| 5.824| 5.607|A|M2|S| 0.607| 0.564| 0.796| -8.05| 1.229| 1.257| -0.37| 0.04|3680|PHX| | 0.48| | 0.037| | 0.51|04425581+1857285|0
2MASS J05015746-0656459|All|PM I05019-0656  |      |    |    | |05 01 57.5|-06 56 45| 0.1879|He06|-0.560|-0.531|12.22|APASS|13.92|12.22|12.99|11.53| 9.84| 7.617| 7.065| 6.736|A|M5|S| 0.405| 0.394| 0.667|-15.16| 2.235| 3.003|  0.25|     |3144|PHX|-| 0.19|-| 0.003|-| 0.14|05015746-0656459|0
2MASS J05015881+0958587|All|PM I05019+0958  | 23418|    |    | |05 01 58.8|+09 58 59| 0.0301|VL07| 0.012|-0.074|11.47|HIPPA|13.02|11.59|12.21|10.90| 9.40| 7.212| 6.657| 6.370|C|M4|M| 0.433| 0.438| 0.702|-10.38| 1.533| 2.048|  4.56| 0.03|3348|PHX| | 0.28| | 0.010| | 0.26|05015881+0958587|0
2MASS J05022845-2115236|All|PM I05024-2115  | 23452|5912| 481|1|05 02 28.4|-21 15 23| 0.1166|VL07|-0.143|-0.222| 8.39|HIPPA|10.00| 9.40|10.13| 8.91| 7.68| 5.450| 4.853| 4.600|A|M0|S| 0.823| 0.766| 0.889| -4.18| 0.864| 0.729| -0.56|-0.34|3833|PHX| | 0.54| | 0.055| | 0.58|05022845-2115236|0
2MASS J05114046-4501051|All|PM I05116-4501  | 24186|8078|1749|1|05 11 40.6|-45 01 06| 0.2557|VL07| 6.505|-5.731| 8.93|HIPPA|     |     |     |     |     | 5.821| 5.316| 5.049|A|M0| | 0.806| 0.682| 0.837| -3.42| 1.249| 0.882| -0.39|     |3695|PHX| | 0.49| | 0.039| | 0.52|05114046-4501051|0
2MASS J05312734-0340356|All|PM I05314-0340  | 25878|4770| 574|1|05 31 27.4|-03 40 38| 0.1768|VL07| 0.762|-2.094| 8.01|HIPPA| 9.46| 8.56| 9.45| 8.23| 6.89| 4.999| 4.149| 4.039|A|M1|S| 0.669| 0.628| 0.830| -5.92| 1.375| 1.071| -0.53|     |3701|PHX| | 0.49| | 0.039| | 0.52|05312734-0340356|0
2MASS J05331913+4448587|All|PM I05333+4448  |      |    |    | |05 33 19.1|+44 48 58| 0.0652|VA95| 0.060|-0.360|12.31|APASS|13.91|12.31|13.05|11.67|10.29| 8.197| 7.585| 7.335|A|M4| | 0.489| 0.450| 0.702|-10.02| 1.670| 2.002|  1.96|     |3518|PHX| | 0.40| | 0.022| | 0.41|05331913+4448587|0
2MASS J05420897+1229252|All|PM I05421+1229  | 26857| 722| 455|1|05 42 09.3|+12 29 21| 0.1716|VL07| 2.001|-1.570|11.46|HIPPA|13.05|11.57|12.18|10.90| 9.37| 7.124| 6.627| 6.389|A|M5| | 0.437| 0.423| 0.720|-11.93| 1.354| 2.028| -0.24|     |3122|PHX|-| 0.19|-| 0.003|-| 0.14|05420897+1229252|0
2MASS J05531404+2415329|All|PM I05532+2415  |      |    |    | |05 53 14.1|+24 15 31| 0.0515|VA95| 0.158|-0.596|10.93|APASS|12.30|10.93|11.58|10.23|     | 7.485| 6.829| 6.633|A|M2|S| 0.651| 0.607| 0.820| -6.06| 1.128| 1.013| -0.47|-0.07|3832|PHX| | 0.54| | 0.055| | 0.58|05531404+2415329|0
2MASS J06000351+0242236|All|PM I06000+0242  |      | 134| 605|1|06 00 03.5|+02 42 23| 0.1909|He06| 0.311|-0.042|11.40|APASS|12.97|11.40|12.06|10.66| 9.15| 6.905| 6.308| 6.042|A|M4|S| 0.443| 0.420| 0.682|-13.67| 2.146| 2.594|  1.64| 0.15|3168|PHX|-| 0.19|-| 0.003|-| 0.14|06000351+0242236|0
2MASS J06011106+5935508|All|PM I06011+5935  |      |    |    | |06 01 11.1|+59 35 49| 0.1335|Di14|-0.015|-1.159|12.07|USNOB|     |     |     |     |     | 7.465| 6.949| 6.639|A|M4| | 0.423| 0.450| 0.716|-11.22| 1.832| 2.432| -0.01|     |3178|PHX|-| 0.19|-| 0.003|-| 0.14|06011106+5935508|0
2MASS J06101978+8206256|All|PM I06103+8206  | 29277|4537| 528|1|06 10 19.8|+82 06 24| 0.1067|VL07| 0.051|-1.336|10.52|HIPPA|11.94|10.55|11.18| 9.87| 8.70| 6.869| 6.295| 6.061|A|M3| | 0.578| 0.582| 0.780| -6.02| 0.215| 1.406| -0.30|     |3583|PHX| | 0.43| | 0.027| | 0.45|06101978+8206256|0
2MASS J06103462-2151521|All|PM I06105-2151  | 29295|5945| 765|1|06 10 34.6|-21 51 52| 0.1738|VL07|-0.137|-0.714| 8.20|HIPPA| 9.94| 9.26|10.11| 8.84| 7.52| 5.104| 4.393| 4.166|A|M1|S| 0.714| 0.660| 0.844| -5.54| 1.193| 0.935| -0.52| 0.02|3790|PHX| | 0.52| | 0.049| | 0.56|06103462-2151521|0
2MASS J06105481+1019056|All|PM I06109+1019  | 29316| 734|1930|3|06 10 54.8|+10 19 05| 0.0917|VL07| 0.063|-0.932|10.44|HIPPA|11.82|10.54|11.11| 9.93| 8.69| 6.795| 6.306| 6.032|A|M2|E| 0.561| 0.535| 0.797| -8.21| 1.001| 1.121| -0.47|-0.04|3647|PHX| | 0.46| | 0.034| | 0.49|06105481+1019056|0
2MASS J06105481+1019056|All|PM I06109+1019  | 29316| 734|1930|3|06 10 54.8|+10 19 05| 0.0917|VL07| 0.063|-0.932|10.44|HIPPA|11.82|10.54|11.11| 9.93| 8.69| 6.795| 6.306| 6.032|A|M2|E| 0.561| 0.535| 0.797| -8.21| 1.001| 1.121| -0.47|-0.04|3647|PHX| | 0.46| | 0.034| | 0.49|06105481+1019056|0
2MASS J06244132+2325585|All|PM I06246+2325  |      |    |    | |06 24 41.3|+23 25 58| 0.1155|Di14| 0.545|-0.503|13.12|APASS|14.87|13.12|13.86|12.47|10.84| 8.662| 8.156| 7.911|A|M4|S| 0.403| 0.390| 0.674|-15.75| 1.995| 2.851| -0.44|-0.19|3099|PHX|-| 0.19|-| 0.003|-| 0.14|06244132+2325585|0
2MASS J06292339-0248499|All|PM I06293-0248  | 30920|    |    | |06 29 23.4|-02 48 50| 0.2423|VL07| 0.705|-0.612|10.98|HIPPA|12.82|11.20|11.89|10.48| 8.79| 6.376| 5.754| 5.486|A|  | |      |      |      |      |      |      |      |     |3168|V-J|-| 0.19|-| 0.003|-| 0.14|06292339-0248499|0
2MASS J06334337-7537482|All|PM I06337-7537S | 31293|9379| 783|1|06 33 43.3|-75 37 47| 0.1109|VL07|-0.290| 0.277|10.50|HIPPA|11.96|10.60|11.48|10.02| 8.74| 6.725| 6.146| 5.862|A|M3| | 0.597| 0.519| 0.761| -8.88| 0.450| 0.839| -0.05|     |3605|PHX| | 0.44| | 0.030| | 0.47|06334337-7537482|0
2MASS J06334690-7537301|All|PM I06337-7537N | 31292|9379|1149|1|06 33 46.8|-75 37 29| 0.1152|VL07|-0.291| 0.221|11.49|HIPPA|13.01|11.50|12.16|10.82| 9.46| 7.410| 6.850| 6.558|A|M3| | 0.466| 0.475| 0.729|-10.16| 1.523| 1.968| -0.02|     |3302|PHX| | 0.24| | 0.007| | 0.21|06334690-7537301|0
2MASS J06521804-0511241|All|PM I06523-0511  |      |    |    | |06 52 18.0|-05 11 24| 0.1148|VL07|-0.576|-0.011|10.25|APASS|11.56|10.25|10.88| 9.86| 8.59| 6.579| 5.976| 5.723|A|M2|S| 0.606| 0.559| 0.786| -7.52| 1.226| 1.136| -0.38| 0.13|3892|PHX| | 0.56| | 0.063| | 0.60|06521804-0511241|0
2MASS J06540419+6052191|All|PM I06540+6052  | 33142|4110|2079|1|06 54 04.2|+60 52 18| 0.0954|VL07| 0.496|-0.990|10.98|HIPPA|12.58|11.01|11.76|10.30| 9.01| 7.128| 6.604| 6.345|A|M4| | 0.480| 0.474| 0.749|-10.10| 1.084| 1.644| -0.24|     |3444|PHX| | 0.35| | 0.016| | 0.35|06540419+6052191|0
2MASS J06544902+3316058|All|PM I06548+3316  | 33226|2441| 572|1|06 54 49.0|+33 16 05| 0.1790|VL07|-0.724|-0.398|10.01|HIPPA|11.61|10.17|10.80| 9.45| 8.15| 6.104| 5.526| 5.275|A|M3| | 0.509| 0.475| 0.742| -9.12| 1.547| 1.762| -0.16|     |3389|PHX| | 0.31| | 0.012| | 0.30|06544902+3316058|0
2MASS J06574663-4417281|All|PM I06577-4417  | 33499|    |    | |06 57 46.6|-44 17 28| 0.1248|VL07|-1.104|-0.041|10.82|HIPPA|12.45|10.93|11.60|10.26| 8.90| 6.883| 6.365| 6.056|A|M4| | 0.532| 0.470| 0.727|-11.19| 1.102| 1.458| -0.16|     |3401|PHX| | 0.32| | 0.013| | 0.31|06574663-4417281|0
2MASS J06575703+6219197|All|PM I06579+6219  |      |    |    | |06 57 57.1|+62 19 19| 0.0861|Di14| 0.326|-0.510|13.56|APASS|15.33|13.56|14.34|12.89|11.04| 8.585| 7.988| 7.690|A|M5|M| 0.360| 0.381| 0.676|-15.40| 2.495| 3.344|  1.58|     |3100|PHX|-| 0.19|-| 0.003|-| 0.14|06575703+6219197|0
2MASS J07035565+5242075|All|PM I07039+5242  |      |    |    | |07 03 55.7|+52 42 06| 0.1075|Kh10| 0.679|-0.914|13.36|APASS|15.19|13.36|14.08|12.70|10.85| 8.537| 8.094| 7.776|A|M6| | 0.298| 0.321| 0.601|-17.97| 2.205| 4.411|  0.07|     |3040|PHX|-| 0.19|-| 0.003|-| 0.14|07035565+5242075|0
2MASS J07100180+3831457|All|PM I07100+3831  | 34603|2944|1956|1|07 10 01.8|+38 31 46| 0.1589|VL07|-0.437|-0.947|11.42|HIPPA|13.26|11.60|12.27|10.86| 9.12| 6.731| 6.152| 5.846|A|M5| | 0.367| 0.403| 0.690|-14.35| 2.196| 3.204|  1.61|     |3069|PHX|-| 0.19|-| 0.003|-| 0.14|07100180+3831457|0
2MASS J07161977+2708331|All|PM I07163+2708W | 35191|1917|2452|1|07 16 19.8|+27 08 32| 0.0831|VL07|-0.037|-0.196|10.85|HIPPA|12.43|10.97|11.62|10.28| 9.07| 7.013| 6.436| 6.187|A|M3|S| 0.542| 0.504| 0.762| -9.44| 1.260| 1.422| -0.32|-0.04|3476|PHX| | 0.37| | 0.019| | 0.37|07161977+2708331|0
2MASS J07193126+3249482|All|PM I07195+3249  | 35495|2455| 652|1|07 19 31.3|+32 49 48| 0.0516|VL07| 0.432|-0.346|10.15|HIPPA|11.51|10.17|10.82| 9.48| 8.75| 7.184| 6.541| 6.376|A|M1| | 0.795| 0.748| 0.887| -3.96| 1.183| 0.811| -0.52|     |3941|PHX| | 0.57| | 0.070| | 0.62|07193126+3249482|0
2MASS J07272450+0513329|All|PM I07274+0513  | 36208| 173|3208|1|07 27 24.5|+05 13 32| 0.2630|VL07| 0.573|-3.694| 9.81|HIPPA|11.45|10.16|10.64| 9.60| 8.22| 5.714| 5.219| 4.857|A|M4|S| 0.451| 0.450| 0.739|-12.77| 1.603| 1.971| -0.40| 0.02|3317|PHX| | 0.25| | 0.008| | 0.23|07272450+0513329|0
2MASS J07362513+0704431|All|PM I07364+0704  |      |    |    | |07 36 25.1|+07 04 43| 0.1166|He06| 0.230|-0.304|13.26|APASS|14.99|13.26|13.99|12.59|10.69| 8.180| 7.611| 7.282|A|M6| | 0.353| 0.336| 0.619|-18.34| 2.455| 3.693|  4.75|     |2980|PHX|-| 0.19|-| 0.003|-| 0.14|07362513+0704431|0
2MASS J07444018+0333089|All|PM I07446+0333  | 37766| 183|2190|1|07 44 40.2|+03 33 08| 0.1679|VL07|-0.345|-0.451|11.20|HIPPA|12.38|11.12|11.76|10.49| 8.93| 6.581| 6.005| 5.698|A|M5| | 0.372| 0.393| 0.655|-13.65| 2.092| 3.255|  7.31|     |3242|PHX| | 0.19| | 0.004| | 0.14|07444018+0333089|0
2MASS J07515465-0000117|All|PM I07519-0000  |      |    |    | |07 51 54.7|-00 00 11| 0.1140|VA95| 0.266|-0.733|13.26|APASS|14.89|13.26|13.93|12.65|10.85| 8.496| 7.939| 7.661|A|M5|S| 0.394| 0.411| 0.722|-14.92| 1.447| 2.557| -0.44| 0.02|3094|PHX|-| 0.19|-| 0.003|-| 0.14|07515465-0000117|0
2MASS J07565395-4538145|All|PM I07568-4538  |      |    |    | |07 56 53.9|-45 38 14|       |    |-0.191| 0.686|12.35|APASS|13.79|12.35|13.05|11.71|10.57| 8.762| 8.226| 8.000|B|M2| | 0.550| 0.529| 0.783| -5.76| 0.510| 1.191| -0.22|     |3436|PHX| | 0.34| | 0.016| | 0.34|07565395-4538145|0
2MASS J07581269+4118134|All|PM I07582+4118  | 38956|    |    | |07 58 12.7|+41 18 13| 0.1161|VL07| 0.211|-0.691|11.99|HIPPA|13.67|12.08|12.77|11.38| 9.92| 7.734| 7.133| 6.878|A|M4| | 0.417| 0.450| 0.714|-10.78| 1.628| 2.450| -0.15|     |3197|PHX|-| 0.19|-| 0.003|-| 0.14|07581269+4118134|0
2MASS J08115757+0846220|All|PM I08119+0846  |      |    |    | |08 11 57.6|+08 46 22| 0.1487|Di14| 1.099|-5.123|12.86|APASS|14.57|12.86|13.59|12.22|10.62| 8.424| 7.927| 7.660|A|M4|S| 0.407| 0.380| 0.651|-16.71| 2.125| 3.077| -0.27|-0.11|3152|PHX|-| 0.19|-| 0.003|-| 0.14|08115757+0846220|0
2MASS J08124088-2133056|All|PM I08126-2133  |      |    |    | |08 12 40.9|-21 33 05| 0.1256|He06| 0.009|-0.717|12.19|APASS|13.81|12.19|12.89|11.49| 9.86| 7.601| 6.964| 6.705|A|M5|M| 0.417| 0.440| 0.739|-11.69| 2.173| 2.397| -0.38| 0.26|3212|PHX|-| 0.19|-| 0.003|-| 0.14|08124088-2133056|2
2MASS J08130849-1355006|All|PM I08131-1355  | 40239|5438| 745|1|08 13 08.5|-13 55 01| 0.0485|VL07|-0.186|-0.531| 9.47|HIPPA|10.80| 9.80|10.49| 9.51| 8.38| 6.638| 6.039| 5.815|A|M0|E| 0.869| 0.815| 0.911| -2.64| 0.736| 0.581| -0.59|-0.28|3920|PHX| | 0.57| | 0.067| | 0.61|08130849-1355006|0
2MASS J08160798+0118091|All|PM I08161+0118  | 40501| 196|1309|1|08 16 08.0|+01 18 09| 0.1096|VL07|-0.374| 0.060|10.14|HIPPA|11.65|10.23|10.81| 9.57| 8.40| 6.625| 6.036| 5.766|A|M2| | 0.591| 0.568| 0.801| -6.69| 0.789| 1.138| -0.34|     |3598|PHX| | 0.44| | 0.029| | 0.46|08160798+0118091|0
2MASS J08294949+2646348|All|PM I08298+2646  |      |    |    | |08 29 49.4|+26 46 33| 0.2753|Di14|-1.110|-0.607|14.16|USNOB|     |     |     |     |     | 8.235| 7.617| 7.260|A|M1|S| 0.227| 0.256| 0.560|-29.77| 2.972| 6.535|  2.32|-0.36|2809|PHX|-| 0.19|-| 0.003|-| 0.14|08294949+2646348|0
2MASS J08313744+1923494|All|PM I08316+1923N |      |    |    | |08 31 37.4|+19 23 49| 0.0904|VL07|-0.221|-0.114|13.88|USNOB|     |     |     |     |     | 8.625| 8.049| 7.720|A|M4|S| 0.434| 0.435| 0.703|-12.10| 2.164| 2.407|  5.39| 0.27|3360|PHX| | 0.29| | 0.010| | 0.27|08313744+1923494|0
2MASS J08313759+1923395|All|PM I08316+1923S | 41824|    |    | |08 31 37.6|+19 23 39| 0.0904|VL07|-0.255|-0.095|11.59|HIPPA|13.38|11.88|12.57|11.21| 9.60| 7.509| 6.894| 6.603|A|M4|S| 0.433| 0.436| 0.706|-12.51| 2.015| 2.366|  6.16| 0.31|3374|PHX| | 0.30| | 0.011| | 0.28|08313759+1923395|0
2MASS J08405923-2327232|All|PM I08409-2327  |      |    |    | |08 40 59.2|-23 27 23|       |    |-0.457| 0.799|12.04|APASS|13.54|12.04|12.70|11.39|10.02| 7.934| 7.321| 7.028|B|M4| | 0.481| 0.476| 0.763| -9.88| 1.330| 1.526| -0.27| 0.27|3400|PHX| | 0.32| | 0.013| | 0.31|08405923-2327232|0
2MASS J08550761+0132472|All|PM I08551+0132  | 43790|    |    | |08 55 07.6|+01 32 47| 0.0505|VL07| 0.045|-1.045|10.05|HIPPA|11.30|10.14|10.67| 9.37| 8.69| 7.191| 6.523| 6.352|A|M0| | 0.790| 0.768| 0.903| -3.39| 0.744| 0.679| -0.62|     |4003|PHX| | 0.59| | 0.080| | 0.63|08550761+0132472|0
2MASS J08581519+1945470|All|PM I08582+1945N |      |    |    | |08 58 15.1|+19 45 47| 0.1912|VA95|-0.858|-0.046|13.41|USNOB|     |     |     |     |     | 7.791| 7.244| 6.889|A|M7| | 0.238| 0.273| 0.531|-22.83| 3.553| 6.168|  5.30|     |2979|PHX|-| 0.19|-| 0.003|-| 0.14|08581519+1945470|0
2MASS J08585633+0828259|All|PM I08589+0828  |      |    |    | |08 58 56.3|+08 28 25| 0.1477|He06| 0.379|-0.338|11.08|APASS|12.62|11.08|11.74|10.34| 8.82| 6.507| 5.966| 5.688|A|M4| | 0.400| 0.408| 0.644|-14.72| 1.730| 3.204|  3.47|     |3170|PHX|-| 0.19|-| 0.003|-| 0.14|08585633+0828259|0
2MASS J09142298+5241125|All|PM I09143+5241  | 45343|3806|1814|1|09 14 22.8|+52 41 11| 0.1721|VL07|-1.536|-0.577| 7.78|HIPPA|     |     |     |     |     | 4.889| 3.987| 3.988|A|M0|S| 0.838| 0.778| 0.899| -4.13| 0.808| 0.672| -0.54|-0.26|3991|PHX| | 0.59| | 0.078| | 0.63|09142298+5241125|0
2MASS J09142485+5241118|All|PM I09144+5241  |120005|3806|1819|1|09 14 24.7|+52 41 10| 0.1565|VL07|-1.552|-0.641| 7.97|HIPPA|     |     |     |     |     | 4.779| 4.043| 4.136|A|  | |      |      |      |      |      |      |      |     |3770|V-J| | 0.52| | 0.047| | 0.55|09142485+5241118|0
2MASS J09173071+7714405|All|PM I09175+7714  | 45593|4541| 108|1|09 17 30.5|+77 14 40| 0.0389|VL07|-1.067| 0.002|10.16|HIPPA|11.38|10.14|10.88| 9.52| 8.84| 7.398| 6.755| 6.602|A|M1| | 0.891| 0.788| 0.901| -2.85| 0.284| 0.564| -0.52|     |4113|PHX| | 0.62| | 0.099| | 0.66|09173071+7714405|0
2MASS J09311936-1329192|All|PM I09313-1329  | 46706|5472| 348|1|09 31 19.4|-13 29 19| 0.0999|VL07| 0.693| 0.105|10.08|HIPPA|11.61|10.21|10.82| 9.73| 8.40| 6.361| 5.755| 5.511|A|M3|S| 0.551| 0.519| 0.776| -9.17| 1.208| 1.334| -0.40|-0.01|3479|PHX| | 0.37| | 0.019| | 0.38|09311936-1329192|0
2MASS J09360161-2139371|All|PM I09360-2139  | 47103|6055|1283|1|09 36 01.6|-21 39 38| 0.1108|VL07| 0.137|-0.989|10.94|HIPPA|12.52|11.02|11.70|10.34| 9.35| 7.337| 6.740| 6.475|A|M3|S| 0.579| 0.531| 0.775| -9.27| 1.278| 1.393| -0.41|-0.03|3480|PHX| | 0.37| | 0.019| | 0.38|09360161-2139371|0
2MASS J09424635-6853060|All|PM I09427-6853  |      |    |    | |09 42 46.4|-68 53 06| 0.1531|Ja05|-0.111| 1.014|12.76|APASS|14.48|12.76|13.51|12.08|10.55| 7.953| 7.385| 7.037|A|  | |      |      |      |      |      |      |      |     |3123|V-J|-| 0.19|-| 0.003|-| 0.14|09424635-6853060|2
2MASS J09442986-4546351|All|PM I09444-4546  | 47780|8168|2031|1|09 44 29.8|-45 46 35| 0.1013|VL07|-0.462|-0.584|10.01|HIPPA|11.62|10.29|11.07| 9.70| 8.47| 6.632| 6.045| 5.780|A|  | |      |      |      |      |      |      |      |     |3687|V-J| | 0.48| | 0.038| | 0.51|09442986-4546351|0
2MASS J10112218+4927153|All|PM I10113+4927  | 49908|3437| 811|1|10 11 22.1|+49 27 15| 0.2052|VL07|-1.362|-0.505| 6.67|HIPPA|     |     |     |     |     | 3.894| 3.298| 2.962|A|M3|S| 0.874| 0.837| 0.919| -2.92| 0.943| 0.597| -0.64| 0.24|4074|PHX| | 0.61| | 0.092| | 0.65|10112218+4927153|0
2MASS J10120466-0241044|All|PM I10120-0241  | 49969|4907|  91|1|10 12 04.7|-02 41 05| 0.0811|VL07| 0.526|-0.606|10.66|HIPPA|12.20|10.78|11.43|10.07| 8.85| 7.021| 6.471| 6.193|A|M2|S| 0.594| 0.538| 0.776| -8.91| 1.297| 1.392| -0.43|-0.07|3538|PHX| | 0.41| | 0.024| | 0.42|10120466-0241044|0
2MASS J10121768-0344441|All|PM I10122-0344  | 49986|4907| 704|1|10 12 17.7|-03 44 44| 0.1271|VL07|-0.151|-0.244| 9.29|HIPPA|10.70| 9.75|     |     | 7.87| 5.888| 5.258| 5.015|A|M2|S| 0.643| 0.589| 0.809| -6.87| 1.224| 1.112| -0.34| 0.03|3651|PHX| | 0.47| | 0.034| | 0.49|10121768-0344441|0
2MASS J10285555+0050275|All|PM I10289+0050  | 51317| 246|1068|1|10 28 55.6|+00 50 27| 0.1415|VL07|-0.604|-0.729| 9.67|HIPPA|11.14| 9.85|10.39| 9.21| 8.02| 6.176| 5.605| 5.311|A|M2| | 0.598| 0.559| 0.799| -6.51| 1.084| 1.265| -0.21|     |3640|PHX| | 0.46| | 0.033| | 0.49|10285555+0050275|0
2MASS J10481258-1120082|All|PM I10482-1120  |      |    |    | |10 48 12.6|-11 20 08|       |    | 0.598|-1.543|15.56|USNOB|     |     |     |     |     | 8.857| 8.263| 7.926|B|M7|E| 0.198| 0.232| 0.535|-38.19| 3.251| 7.209|  1.62|     |2739|PHX|-| 0.19|-| 0.003|-| 0.14|10481258-1120082|2
2MASS J10494561+3532515|All|PM I10497+3532  |      |    |    | |10 49 45.5|+35 32 50| 0.1065|Kh10|-0.648|-1.014|13.11|USNOB|     |     |     |     |     | 8.537| 8.042| 7.743|A|M5| | 0.375| 0.372| 0.656|-15.17| 1.843| 3.049| -0.13|     |3161|PHX|-| 0.19|-| 0.003|-| 0.14|10494561+3532515|0
2MASS J10505201+0648292|All|PM I10508+0648  | 53020|    |    | |10 50 52.1|+06 48 29| 0.1479|VL07|-0.856|-0.822|11.63|HIPPA|13.35|11.77|12.43|11.07| 9.50| 7.319| 6.707| 6.371|A|M4|S| 0.441| 0.442| 0.726|-12.65| 2.051| 2.324| -0.26| 0.13|3238|PHX| | 0.19| | 0.003| | 0.14|10505201+0648292|0
2MASS J10562886+0700527|All|PM I10564+0700  |      |    |    | |10 56 28.9|+07 00 53| 0.4189|Ha93|-3.842|-2.725|12.94|USNOB|     |     |     |     |     | 7.085| 6.482| 6.084|A|M7|S| 0.271| 0.309| 0.645|-27.97| 3.054| 5.443|  7.71|     |2865|PHX|-| 0.19|-| 0.003|-| 0.14|10562886+0700527|0
2MASS J11032027+3558203|All|PM I11033+3558  | 54035|2521|2279|1|11 03 20.2|+35 58 11| 0.3926|VL07|-0.580|-4.766| 7.51|HIPPA|     |     |     |     |     | 4.203| 3.640| 3.254|A|M1|S| 0.662| 0.623| 0.844| -6.23| 0.795| 0.915| -0.40|     |3593|PHX| | 0.44| | 0.028| | 0.46|11032023+3558117|0
2MASS J11052903+4331357|All|PM I11054+4331  | 54211|3012|2528|1|11 05 28.6|+43 31 36| 0.2063|VL07|-4.410| 0.943| 8.80|HIPPA|     |     |     |     |     | 5.538| 5.002| 4.769|A|M1|S| 0.740| 0.647| 0.833| -6.16| 0.947| 0.910| -0.36|-0.41|3702|PHX| | 0.49| | 0.039| | 0.52|11052903+4331357|0
2MASS J11053133+4331170|All|PM I11055+4331  |      |    |    | |11 05 30.9|+43 31 18| 0.2063|VL07|-4.328| 0.953|14.48|USNOB|     |     |     |     |     | 8.742| 8.177| 7.839|A|M7|S| 0.238| 0.241| 0.474|-33.45| 3.559| 6.628|  6.45|     |2831|PHX|-| 0.19|-| 0.003|-| 0.14|11053133+4331170|0
2MASS J11093138-2435548|All|PM I11095-2435  | 54532|6640| 765|1|11 09 31.3|-24 35 55| 0.0930|VL07|-0.796|-0.447|10.47|HIPPA|11.93|10.59|11.22| 9.98| 8.80| 6.948| 6.358| 6.097|A|M2|S| 0.610| 0.561| 0.794| -7.34| 1.042| 1.150| -0.42|     |3562|PHX| | 0.42| | 0.026| | 0.44|11093138-2435548|0
2MASS J11200526+6550470|All|PM I11200+6550  | 55360|4152| 272|1|11 20 04.8|+65 50 47| 0.1121|VL07|-2.947| 0.184| 9.35|HIPPA|     |     |     |     |     | 6.306| 5.730| 5.534|A|M1| | 0.706| 0.712| 0.858| -2.68| 1.542| 0.894| -0.40|     |3888|PHX| | 0.56| | 0.062| | 0.60|11200526+6550470|0
2MASS J11421096+2642251|All|PM I11421+2642  | 57087|    |    | |11 42 11.1|+26 42 23| 0.0986|VL07| 0.896|-0.814|10.68|HIPPA|12.18|10.73|11.37|10.10| 9.67| 6.900| 6.319| 6.073|A|M3|S| 0.546| 0.518| 0.779| -8.51| 1.232| 1.336| -0.36| 0.07|3479|PHX| | 0.37| | 0.019| | 0.38|11421096+2642251|0
2MASS J11431977-5150255|All|PM I11433-5150  |      |8227|1613|1|11 43 19.8|-51 50 25| 0.0917|Ri10| 0.654|-0.539|10.48|APASS|11.85|10.48|11.10| 9.68| 8.79| 7.144| 6.580| 6.320|A|M1| | 0.703| 0.676| 0.843| -6.19| 0.347| 0.476| -0.39|     |3671|PHX| | 0.48| | 0.036| | 0.50|11431977-5150255|0
2MASS J11474143+7841283|All|PM I11476+7841  | 57544|4553| 192|1|11 47 41.4|+78 41 28| 0.1869|VL07| 0.744| 0.481|10.78|HIPPA|12.37|10.88|11.55|10.22| 8.75| 6.724| 6.217| 5.954|A|M4| | 0.413| 0.432| 0.713|-11.27| 1.089| 2.101| -0.10|     |3186|PHX|-| 0.19|-| 0.003|-| 0.14|11474143+7841283|0
2MASS J11474440+0048164|All|PM I11477+0048  |      |    |    | |11 47 44.4|+00 48 16| 0.2980|VL07| 0.606|-1.219|11.21|APASS|12.86|11.21|11.89|10.49| 8.93| 6.505| 5.945| 5.654|A|M5| | 0.371| 0.382| 0.677|-13.55| 1.919| 3.436| -0.20|     |3145|PHX|-| 0.19|-| 0.003|-| 0.14|11474440+0048164|0
2MASS J11505787+4822395|All|PM I11509+4822  |      |    |    | |11 50 57.7|+48 22 38| 0.1306|Di14|-1.534|-0.953|13.25|APASS|14.97|13.25|13.99|12.62|10.93| 8.488| 7.952| 7.637|A|M5| | 0.347| 0.386| 0.673|-14.04| 2.273| 3.643| -0.14|     |3131|PHX|-| 0.19|-| 0.003|-| 0.14|11505787+4822395|0
2MASS J11510737+3516188|All|PM I11511+3516  | 57802|2526|2357|1|11 51 07.3|+35 16 19| 0.1165|VL07|-0.272| 0.254| 9.78|HIPPA|     |     |     |     |     | 6.419| 5.828| 5.606|A|M2| | 0.680| 0.535| 0.782| -4.32| 0.951| 1.229| -0.05|     |3661|PHX| | 0.47| | 0.035| | 0.50|11510737+3516188|0
2MASS J12100559-1504156|All|PM I12100-1504  |      |    |    | |12 10 05.6|-15 04 15| 0.0779|Ri10|-0.040|-0.711|12.14|APASS|13.65|12.14|12.78|11.49| 9.94| 7.768| 7.137| 6.863|A|M4|S| 0.443| 0.461| 0.753| -8.86| 1.615| 1.779| -0.27| 0.45|3270|PHX| | 0.22| | 0.005| | 0.18|12100559-1504156|2
2MASS J12141654+0037263|All|PM I12142+0037  |      |    |    | |12 14 16.5|+00 37 26| 0.1194|VA95|-0.943|-0.272|13.64|APASS|15.40|13.64|14.38|12.99|11.04| 8.456| 7.860| 7.540|A|M6| | 0.310| 0.373| 0.661|-14.95| 2.555| 3.888|  5.21|     |3078|PHX|-| 0.19|-| 0.003|-| 0.14|12141654+0037263|0
2MASS J12185939+1107338|All|PM I12189+1107  |      |    |    | |12 18 59.4|+11 07 33| 0.1483|Di14|-1.253| 0.209|13.89|APASS|15.68|13.89|14.65|13.22|11.13| 8.525| 7.880| 7.570|A|M6| | 0.292| 0.342| 0.627|-17.43| 2.463| 4.611|  5.57|     |3020|PHX|-| 0.19|-| 0.003|-| 0.14|12185939+1107338|0
2MASS J12245243-1814303|All|PM I12248-1814  | 60559|6105|1620|1|12 24 52.5|-18 14 32| 0.1130|VL07| 1.096|-2.309|11.33|HIPPA|12.90|11.43|12.08|10.74| 9.58| 7.734| 7.247| 6.950|A|M2|S| 0.602| 0.524| 0.763| -9.48| 1.078| 1.410| -0.37|-0.30|3499|PHX| | 0.38| | 0.020| | 0.39|12245243-1814303|0
2MASS J12285759+0825316|All|PM I12289+0825  | 60910|    |    | |12 28 57.6|+08 25 31| 0.0758|VL07|-0.632|-0.257|12.02|HIPPA|13.66|12.16|12.82|11.47| 9.98| 7.844| 7.203| 6.956|A|M4|S| 0.452| 0.456| 0.743|-11.85| 1.848| 2.096| -0.25| 0.14|3239|PHX| | 0.19| | 0.003| | 0.14|12285759+0825316|0
2MASS J12331738+0901157|All|PM I12332+0901  |      |    |    | |12 33 17.4|+09 01 15| 0.2279|VA95|-1.721| 0.212|12.54|APASS|14.34|12.54|13.25|11.82| 9.64| 6.995| 6.397| 6.042|A|M2|S| 0.316| 0.335| 0.634|-20.63| 2.545| 4.314|  5.55|     |3000|PHX|-| 0.19|-| 0.003|-| 0.14|12331738+0901157|0
2MASS J12375231-5200055|All|PM I12378-5200  | 61629|8244|3175|1|12 37 52.2|-52 00 05| 0.1032|VL07|-1.032| 0.030|10.68|HIPPA|12.18|10.80|11.44|10.15| 8.81| 6.864| 6.285| 6.020|A|M3| | 0.558| 0.523| 0.756| -7.87| 0.782| 0.931|  0.22|     |3491|PHX| | 0.38| | 0.020| | 0.39|12375231-5200055|0
2MASS J12384914-3822527|All|PM I12388-3822  |      |    |    | |12 38 49.1|-38 22 53| 0.1568|He06|-0.711|-1.406|12.78|APASS|14.46|12.78|13.49|12.13|10.28| 8.174| 7.756| 7.386|A|M5| | 0.419| 0.383| 0.675|-15.61| 1.252| 2.295|  0.04|     |3058|PHX|-| 0.19|-| 0.003|-| 0.14|12384914-3822527|0
2MASS J12475664+0945050|All|PM I12479+0945  | 62452|    |    | |12 47 56.6|+09 45 05| 0.1195|VL07|-1.007|-0.460|11.38|HIPPA|12.93|11.48|12.10|10.83| 9.32| 7.195| 6.666| 6.362|A|M4| | 0.419| 0.445| 0.734| -7.19| 1.189| 2.144| -0.36|     |3270|PHX| | 0.22| | 0.005| | 0.18|12475664+0945050|0
2MASS J12490273+6606366|All|PM I12490+6606  | 62556|4168| 824|1|12 49 02.8|+66 06 36| 0.0979|VL07|-0.435|-0.106|10.90|HIPPA|12.70|10.94|11.82|10.31| 8.95| 6.880| 6.299| 6.070|A|M4| | 0.490| 0.429| 0.697|-10.21| 1.085| 2.051|  1.49|     |3395|PHX| | 0.31| | 0.013| | 0.30|12490273+6606366|0
2MASS J13003350+0541081|All|PM I13005+0541  |      |    |    | |13 00 33.5|+05 41 07| 0.1227|Di14|-0.925| 0.223|13.44|APASS|15.17|13.44|14.16|12.77|10.88| 8.553| 7.966| 7.660|A|M1|S| 0.378| 0.386| 0.655|-15.65| 2.400| 3.278|  4.13| 0.28|3090|PHX|-| 0.19|-| 0.003|-| 0.14|13003350+0541081|0
2MASS J13004666+1222325|All|PM I13007+1222  | 63510| 886| 839|1|13 00 46.6|+12 22 32| 0.0855|VL07|-0.616|-0.014| 9.76|HIPPA|11.23| 9.94|10.50| 9.22| 8.28| 6.437| 5.786| 5.578|A|M2| | 0.672| 0.584| 0.792| -3.88| 0.846| 1.657|  2.47|     |3725|PHX| | 0.50| | 0.042| | 0.53|13004666+1222325|0
2MASS J13130939-4130396|All|PM I13131-4130  |      |    |    | |13 13 09.3|-41 30 39| 0.0836|Ja05|-1.039| 0.074|12.93|APASS|14.56|12.93|13.65|12.23|10.59| 8.292| 7.684| 7.412|A|M5| | 0.461| 0.437| 0.723|-11.88| 1.671| 2.063| -0.12|     |3119|PHX|-| 0.19|-| 0.003|-| 0.14|13130939-4130396|1
2MASS J13295979+1022376|All|PM I13299+1022  | 65859| 895| 317|1|13 29 59.8|+10 22 37| 0.1306|VL07| 1.128|-1.073| 9.10|HIPPA|10.55| 9.52|10.69| 9.06| 7.78| 5.902| 5.300| 5.036|A|M1|S| 0.716| 0.655| 0.843| -5.37| 0.912| 0.896| -0.47| 0.19|3727|PHX| | 0.50| | 0.042| | 0.53|13295979+1022376|0
2MASS J13314666+2916368|All|PM I13317+2916  |      |2003| 139|1|13 31 46.6|+29 16 36| 0.0624|Di14|-0.235|-0.137|12.05|APASS|13.62|12.05|12.73|11.41| 9.81| 7.561| 7.002| 6.720|A|M4| | 0.398| 0.393| 0.661| -9.86| 1.405| 2.721|  9.19|     |3389|PHX| | 0.31| | 0.012| | 0.30|13314666+2916368|0
2MASS J13372875+3543039|All|PM I13374+3543  | 66459|2543| 201|1|13 37 28.8|+35 43 03| 0.0914|VL07| 0.320|-0.059| 9.10|HIPPA|     |     |     |     |     | 6.263| 5.660| 5.486|A|M0| | 0.878| 0.790| 0.903| -1.18| 0.942| 0.985| -0.63|     |3934|PHX| | 0.57| | 0.069| | 0.61|13372875+3543039|0
2MASS J13454354+1453317|All|PM I13457+1453  | 67155| 899| 789|1|13 45 43.8|+14 53 29| 0.1855|VL07| 1.778|-1.456| 8.50|HIPPA|     |     |     |     |     | 5.181| 4.775| 4.415|A|M1|S| 0.664| 0.633| 0.847| -4.44| 0.758| 0.852| -0.57|-0.45|3703|PHX| | 0.49| | 0.039| | 0.52|13454354+1453317|0
2MASS J13591045-1950034|All|PM I13591-1950  |      |    |    | |13 59 10.5|-19 50 03| 0.0929|Ri10|-0.539|-0.179|12.96|APASS|14.56|12.96|13.64|12.31|10.65| 8.334| 7.761| 7.445|A|M5|S| 0.401| 0.410| 0.690|-14.53| 2.035| 2.720|  2.82| 0.11|3152|PHX|-| 0.19|-| 0.003|-| 0.14|13591045-1950034|2
2MASS J14170294+3142472|All|PM I14170+3142  |      |    |    | |14 17 02.9|+31 42 47| 0.0600|Di14|-0.581|-0.137|13.42|USNOB|     |     |     |     |     | 8.443| 7.888| 7.609|A|M5| | 0.356| 0.366| 0.624|-15.59| 2.095| 3.438|  5.53|     |3242|PHX| | 0.19| | 0.004| | 0.14|14170294+3142472|0
2MASS J14294291-6240465|All|PM I14297-6240  | 70890|    |    | |14 29 42.9|-62 40 46| 0.7716|VL07|-3.776| 0.766|10.76|HIPPA|     |     |     |     |     | 5.357| 4.835| 4.384|A|M7| | 0.272| 0.310| 0.638|-18.60| 2.346| 5.059|  4.39|     |2883|PHX|-| 0.19|-| 0.003|-| 0.14|14294291-6240465|0
2MASS J14341683-1231106|All|PM I14342-1231  | 71253|    |    | |14 34 16.8|-12 31 10| 0.1650|VL07|-0.354| 0.595|11.26|HIPPA|12.92|11.40|12.06|10.72| 9.00| 6.838| 6.262| 5.939|A|M4|S| 0.415| 0.439| 0.736|-10.69| 1.999| 2.146| -0.34| 0.38|3211|PHX|-| 0.19|-| 0.003|-| 0.14|14341683-1231106|0
2MASS J14542923+1606039|All|PM I14544+1606  | 72944|1478| 495|1|14 54 29.2|+16 06 03| 0.1036|VL07| 0.276|-0.122|10.20|HIPPA|11.59|10.21|10.95| 9.61| 8.52| 6.633| 5.990| 5.770|A|M2| | 0.607| 0.548| 0.781| -5.29| 0.684| 1.565|  0.80|     |3649|PHX| | 0.47| | 0.034| | 0.49|14542923+1606039|1
2MASS J14572643-2124384|All|PM I14574-2124W | 73182|    |    | |14 57 26.5|-21 24 41| 0.1688|VL07| 0.962|-1.678| 8.18|HIPPA|     |     |     |     |     | 4.550| 3.910| 3.802|A|M2| | 0.675| 0.621| 0.822| -6.20| 1.219| 1.087| -0.41|-0.01|3788|PHX| | 0.52| | 0.049| | 0.56|14572643-2124384|0
2MASS J15192689-0743200|All|PM I15194-0743E | 74995|    |    | |15 19 26.8|-07 43 20| 0.1609|VL07|-1.228|-0.098|10.58|HIPPA|12.14|10.69|11.32| 9.99| 8.65| 6.706| 6.095| 5.837|A|M3|S| 0.529| 0.488| 0.745|-11.32| 1.493| 1.708| -0.32|-0.21|3413|PHX| | 0.33| | 0.014| | 0.32|15192689-0743200|0
2MASS J15321302-4116314|All|PM I15322-4116  | 76074|7844|1976|1|15 32 12.9|-41 16 32| 0.1687|VL07|-1.177|-1.029| 9.32|HIPPA|10.90| 9.87|10.63| 9.28| 7.81| 5.647| 5.025| 4.759|A|  | |      |      |      |      |      |      |      |     |3555|V-J| | 0.42| | 0.025| | 0.43|15321302-4116314|0
2MASS J15420677-1928167|All|PM I15421-1928  | 76901|    |    | |15 42 06.5|-19 28 18| 0.0959|VL07|-2.005|-1.035|11.85|HIPPA|13.43|11.84|12.60|11.21|10.05| 7.920| 7.421| 7.168|A|M3|S| 0.516| 0.463| 0.725|-11.09| 1.264| 1.928| -0.35|-0.13|3328|PHX| | 0.26| | 0.008| | 0.24|15420677-1928167|1
2MASS J16200321-3731485|All|PM I16200-3731N | 80018|7853| 670|1|16 20 03.5|-37 31 44| 0.1198|VL07|-0.739| 0.988|10.60|HIPPA|12.13|10.66|11.31| 9.95| 8.68| 6.793| 6.223| 5.950|A|M3| | 0.577| 0.515| 0.775| -7.74| 0.476| 1.120| -0.22|     |3454|PHX| | 0.36| | 0.017| | 0.36|16200353-3731449|0
2MASS J16200353-3731449|All|PM I16200-3731N | 80018|7853| 670|1|16 20 03.5|-37 31 44| 0.1198|VL07|-0.739| 0.988|10.60|HIPPA|12.13|10.66|11.31| 9.95| 8.68| 6.793| 6.223| 5.950|A|M3| | 0.577| 0.515| 0.775| -7.74| 0.476| 1.120| -0.22|     |3454|PHX| | 0.36| | 0.017| | 0.36|16200353-3731449|0
2MASS J16240913+4821112|All|PM I16241+4821  | 80346|3495| 601|1|16 24 09.3|+48 21 10| 0.1241|VL07| 1.146|-0.452|10.31|HIPPA|11.82|10.44|11.03| 9.73| 8.60| 6.638| 6.141| 5.915|A|M3| | 0.504| 0.495| 0.765| -6.66| 1.070| 1.892| -0.11|     |3438|PHX| | 0.34| | 0.016| | 0.34|16240913+4821112|0
2MASS J16252459+5418148|All|PM I16254+5418  | 80459|3878|1193|1|16 25 24.6|+54 18 14| 0.1535|VL07| 0.432|-0.170|10.15|HIPPA|11.78|10.20|10.99| 9.43| 8.48| 6.608| 6.063| 5.833|A|M2| | 0.627| 0.536| 0.768| -6.70| 0.881| 1.718| -0.32|     |3490|PHX| | 0.38| | 0.020| | 0.39|16252459+5418148|0
2MASS J16301808-1239434|All|PM I16303-1239  | 80824|5635|1241|1|16 30 18.1|-12 39 45| 0.2330|VL07|-0.095|-1.183|10.03|HIPPA|11.68|10.25|10.82| 9.69| 8.15| 5.950| 5.373| 5.075|A|M4|S| 0.459| 0.460| 0.744|-11.90| 1.743| 1.941| -0.34| 0.06|3210|PHX|-| 0.19|-| 0.003|-| 0.14|16301808-1239434|0
2MASS J16404524-4559590|All|PM I16407-4559  |      |    |    | |16 40 45.3|-45 59 59| 0.0595|Ri10| 0.355|-0.403|12.72|APASS|14.28|12.72|13.44|12.09|10.83| 8.893| 8.305| 8.050|A|M4| | 0.560| 0.488| 0.742|-10.02| 0.752| 1.159| -0.10|     |3425|PHX| | 0.34| | 0.015| | 0.33|16404524-4559590|0
2MASS J16552527-0819207|All|PM I16554-0819  | 82809|    |    | |16 55 25.2|-08 19 21| 0.1489|VL07|-0.814|-0.894|11.71|HIPPA|13.43|11.83|12.53|11.12| 9.64| 7.555| 7.056| 6.724|A|M3|S| 0.526| 0.490| 0.737|-10.81| 1.356| 1.771|  1.62|-0.14|3279|PHX| | 0.22| | 0.006| | 0.19|16552527-0819207|0
2MASS J16552880-0820103|All|PM I16554-0820  | 82817|5642|1503|1|16 55 28.8|-08 20 10| 0.1614|VL07|-0.826|-0.874| 9.01|HIPPA|10.59| 9.34| 9.94| 8.74| 7.30| 5.270| 4.775| 4.403|A|M3|S| 0.524| 0.489| 0.737|-10.98| 1.468| 1.752|  1.62|-0.08|3438|PHX| | 0.34| | 0.016| | 0.34|16552880-0820103|0
2MASS J16570570-0420559|All|PM I16570-0420  |      |    |    | |16 57 05.7|-04 20 55| 0.1154|He06| 0.481|-0.375|12.33|APASS|13.87|12.33|13.01|11.68|10.23| 7.971| 7.442| 7.120|A|M4|S| 0.458| 0.423| 0.680|-14.50| 1.938| 2.580|  3.04|-0.21|3206|PHX|-| 0.19|-| 0.003|-| 0.14|16570570-0420559|0
2MASS J16580884+2544392|All|PM I16581+2544  | 83043|2063| 479|1|16 58 08.9|+25 44 38| 0.0967|VL07|-0.114|-0.506| 9.72|HIPPA|     |     |     |     |     | 6.448| 5.865| 5.624|A|M1|E| 0.704| 0.645| 0.834| -5.42| 1.125| 0.947| -0.35|-0.08|3744|PHX| | 0.51| | 0.044| | 0.54|16580884+2544392|0
2MASS J17032384+5124219|All|PM I17033+5124  |      |    |    | |17 03 23.9|+51 24 22| 0.1054|VA95| 0.128| 0.613|13.63|APASS|15.35|13.63|14.37|12.95|11.22| 8.768| 8.193| 7.921|A|M5| | 0.334| 0.390| 0.693|-12.58| 1.586| 3.364| -0.06|     |3051|PHX|-| 0.19|-| 0.003|-| 0.14|17032384+5124219|0
2MASS J17093153+4340531|All|PM I17095+4340  | 83945|    |    | |17 09 31.5|+43 40 52| 0.1343|VL07| 0.335|-0.282|11.79|HIPPA|13.36|11.88|12.50|11.21| 9.78| 7.380| 6.757| 6.485|A|M4| | 0.393| 0.437| 0.739| -9.34| 1.983| 2.404| -0.35|     |3284|PHX| | 0.23| | 0.006| | 0.19|17093153+4340531|0
2MASS J17102828+2758099|All|PM I17104+2758W |      |    |    | |17 10 25.5|+27 58 40|       |    | 0.020|-0.073|12.58|APASS|14.15|12.58|13.39|11.92|10.78| 8.987| 8.387| 8.155|A|M2|E| 0.584| 0.538| 0.776| -8.48| 1.103| 1.250| -0.32|-0.20|3526|PHX| | 0.40| | 0.023| | 0.41|17102546+2758400|0
2MASS J17120780+4539587|All|PM I17121+4539E | 84140|3501|1952|1|17 12 07.9|+45 39 57| 0.1673|VL07| 0.349|-1.625| 9.38|HIPPA|     |     |     |     |     | 5.552| 5.066| 4.834|A|M3| | 0.461| 0.484| 0.772| -5.21| 1.062| 1.652| -0.18|     |3462|PHX| | 0.36| | 0.018| | 0.36|17120780+4539587|0
2MASS J17195298+2630026|All|PM I17198+2630  |      |    |    | |17 19 53.0|+26 30 02| 0.0863|VL07|-0.216| 0.360|12.28|USNOB|     |     |     |     |     | 8.229| 7.637| 7.351|A|M4|S| 0.478| 0.470| 0.736|-10.99| 1.733| 1.951|  0.75| 0.07|3426|PHX| | 0.34| | 0.015| | 0.33|17195298+2630026|0
2MASS J17195422+2630030|All|PM I17199+2630W | 84794|2082|2076|1|17 19 54.2|+26 30 03| 0.0863|VL07|-0.221| 0.355|11.24|HIPPA|12.88|11.42|12.04|10.78| 9.47| 7.273| 6.710| 6.422|A|M6| | 0.358| 0.341| 0.637|-13.92| 2.233| 2.976| 12.19|     |3162|PHX|-| 0.19|-| 0.003|-| 0.14|17195422+2630030|0
2MASS J17283991-4653424|All|PM I17286-4653  | 85523|8346|  37|1|17 28 39.9|-46 53 42| 0.2202|VL07| 0.571|-0.881| 9.40|HIPPA|10.97| 9.72|10.25| 9.19| 7.88| 5.711| 5.154| 4.855|A|M3| | 0.581| 0.521| 0.752| -9.03| 0.646| 0.949|  0.18|     |3453|PHX| | 0.35| | 0.017| | 0.36|17283991-4653424|0
2MASS J17302272+0532547|All|PM I17303+0532  | 85665| 422| 241|1|17 30 22.7|+05 32 54| 0.1002|VL07| 0.029|-0.248| 9.37|HIPPA|10.75| 9.65|10.12| 9.30| 7.98| 6.240| 5.654| 5.422|A|M2| | 0.785| 0.592| 0.826| -3.82| 0.629| 0.966| -0.45|     |3770|PHX| | 0.52| | 0.047| | 0.55|17302272+0532547|0
2MASS J17362594+6820220|All|PM I17364+6820  | 86162|4428|1943|1|17 36 25.9|+68 20 20| 0.2208|VL07|-0.321|-1.269| 9.15|HIPPA|10.66| 9.33|10.46| 8.95| 7.67| 5.335| 4.766| 4.548|A|M3|S| 0.499| 0.498| 0.773| -9.18| 1.245| 1.391| -0.43| 0.03|3400|PHX| | 0.32| | 0.013| | 0.31|17362594+6820220|0
2MASS J17370367-4419088|All|PM I17370-4419  | 86214|    |    | |17 37 03.7|-44 19 09| 0.1969|VL07|-0.709|-0.937|10.90|HIPPA|     |     |     |     |     | 6.544| 5.917| 5.606|A|M5| | 0.455| 0.448| 0.723|-11.78| 1.391| 2.122| -0.20|     |3190|PHX|-| 0.19|-| 0.003|-| 0.14|17370367-4419088|0
2MASS J17375330+1835295|All|PM I17378+1835  | 86287|1555|1029|1|17 37 53.3|+18 35 30| 0.1237|VL07| 0.927| 0.984| 9.65|HIPPA|11.07| 9.78|10.57| 9.23| 8.23| 6.360| 5.790| 5.572|A|M2| | 0.708| 0.564| 0.801| -4.96| 0.777| 1.497| -0.23|     |3657|PHX| | 0.47| | 0.035| | 0.50|17375330+1835295|0
2MASS J17435595+4322441|All|PM I17439+4322  | 86776|3100|1810|1|17 43 56.0|+43 22 43| 0.1055|VL07| 0.010|-0.603|10.52|HIPPA|     |     |     |     |     | 6.812| 6.221| 5.964|A|M3| | 0.550| 0.514| 0.770| -6.59| 0.748| 1.507| -0.24|     |3543|PHX| | 0.41| | 0.024| | 0.42|17435595+4322441|0
2MASS J17462507+2743014|All|PM I17464+2743W |      |    |    | |17 46 25.2|+27 43 00| 0.1203|VL07|-0.333|-0.753| 9.94|USNOB|     |     |     |     |     | 5.772| 5.174| 4.953|C|M3|E| 0.484| 0.486| 0.766| -9.75| 1.580| 1.651| -0.44| 0.21|4050|PHX| | 0.60| | 0.087| | 0.64|17462507+2743014|2
2MASS J17463427-5719081|All|PM I17465-5719  | 86990|8737|2175|1|17 46 34.2|-57 19 08| 0.1715|VL07|-1.119|-1.353|10.76|HIPPA|12.38|10.86|11.53|10.15| 8.70| 6.855| 6.297| 6.016|A|M4| | 0.518| 0.458| 0.723|-10.47| 1.362| 1.607| -0.10|     |3386|PHX| | 0.31| | 0.012| | 0.30|17463427-5719081|0
2MASS J17574849+0441405|All|PM I17578+0441N | 87937| 425|2502|1|17 57 48.5|+04 41 36| 0.5483|VL07|-0.799|10.328| 9.49|HIPPA|11.25| 9.79|10.57| 9.29| 7.76| 5.244| 4.834| 4.524|A|M4|E| 0.436| 0.407| 0.677|-15.89| 2.120| 2.706| -0.56|-0.32|3237|PHX|-| 0.19|-| 0.003|-| 0.14|17574849+0441405|0
2MASS J18050755-0301523|All|PM I18051-0301  | 88574|5100| 282|1|18 05 07.6|-03 01 52| 0.1289|VL07| 0.570|-0.333| 9.43|HIPPA|10.86| 9.49|10.23| 8.82| 7.93| 6.161| 5.571| 5.306|A|M1|S| 0.715| 0.640| 0.828| -5.26| 1.008| 0.949| -0.51|-0.25|3733|PHX| | 0.50| | 0.043| | 0.54|18050755-0301523|0
2MASS J18073292-1557464|All|PM I18075-1557  |      |    |    | |18 07 32.9|-15 57 46|       |    |-0.616|-0.342|13.90|USNOB|     |     |     |     |     | 8.639| 8.085| 7.827|B|M5|S| 0.370| 0.376| 0.636|-18.44| 2.467| 3.630|  5.53| 0.05|3104|PHX|-| 0.19|-| 0.003|-| 0.14|18073292-1557464|2
2MASS J18185725+6611332|All|PM I18189+6611  |      |    |    | |18 18 57.2|+66 11 33| 0.1389|Di14| 0.443|-0.445|13.36|USNOB|     |     |     |     |     | 8.740| 8.264| 7.948|A|M4| | 0.349| 0.373| 0.609|-15.62| 2.825| 4.152|  3.89|     |3165|PHX|-| 0.19|-| 0.003|-| 0.14|18185725+6611332|0
2MASS J18222719+6203025|All|PM I18224+6203  |      |    |    | |18 22 27.1|+62 03 01| 0.1050|Di14|-0.948|-1.236|13.41|APASS|15.15|13.41|14.12|12.74|10.95| 8.640| 8.047| 7.743|A|M4| | 0.327| 0.424| 0.685|-12.70| 2.427| 3.569| -0.16|     |3134|PHX|-| 0.19|-| 0.003|-| 0.14|18222719+6203025|0
2MASS J18343664+4007266|All|PM I18346+4007W |      |3109|1699|1|18 34 36.7|+40 07 26|       |    | 0.058|-0.203|11.55|APASS|13.18|11.55|12.23|10.88| 9.51| 7.184| 6.530| 7.104|B|M5| | 0.452| 0.471| 0.750| -5.10| 2.058| 1.609| -0.30|     |3342|PHX| | 0.28| | 0.009| | 0.25|18343664+4007266|0
2MASS J18351833+4544379|All|PM I18353+4544  | 91128|3527|2134|1|18 35 18.4|+45 44 38| 0.0643|VL07| 0.452| 0.365| 9.93|HIPPA|11.17| 9.98|10.72| 9.25| 8.51| 6.881| 6.260| 6.082|A|M1| | 0.738| 0.673| 0.856| -2.11| 0.636| 1.106| -0.51|     |4013|PHX| | 0.59| | 0.081| | 0.63|18351833+4544379|0
2MASS J18410977+2447143|All|PM I18411+2447S |      |    |    | |18 41 09.8|+24 47 14| 0.0995|Di14| 0.497| 0.088|12.20|USNOB|     |     |     |     |     | 7.528| 6.912| 6.616|A|M5|S| 0.389| 0.415| 0.715|-14.04| 2.263| 2.822|  1.66| 0.31|3186|PHX|-| 0.19|-| 0.003|-| 0.14|18410977+2447143|0
2MASS J18410981+2447195|All|PM I18411+2447N |      |    |    | |18 41 09.8|+24 47 19| 0.0517|Di14| 0.497| 0.088|15.00|USNOB|     |     |     |     |     | 8.860| 8.031| 7.774|C|  | |      |      |      |      |      |      |      |     |2185|V-J|-| 0.19|-| 0.003|-| 0.14|18410981+2447195|0
2MASS J18424666+5937499|All|PM I18427+5937N | 91768|    |    | |18 42 46.7|+59 37 49| 0.2802|VL07|-1.332| 1.807| 8.92|HIPPA|     |     |     |     |     | 5.189| 4.741| 4.432|A|M3|S| 0.527| 0.505| 0.771| -9.89| 1.093| 1.440| -0.32|-0.13|3392|PHX| | 0.31| | 0.013| | 0.30|18424666+5937499|0
2MASS J18424688+5937374|All|PM I18427+5937S | 91772|    |    | |18 42 46.9|+59 37 36| 0.2895|VL07|-1.339| 1.809|10.00|HIPPA|     |     |     |     |     | 5.721| 5.197| 5.000|A|M3|S| 0.484| 0.464| 0.737|-11.66| 1.460| 1.844| -0.34|-0.18|3334|PHX| | 0.27| | 0.009| | 0.25|18424688+5937374|0
2MASS J18494929-2350101|All|PM I18498-2350  | 92403|6859|1332|1|18 49 49.4|-23 50 10| 0.3367|VL07| 0.637|-0.192|10.41|HIPPA|12.22|10.60|11.27| 9.86| 8.40| 6.222| 5.655| 5.370|A|M4|S| 0.467| 0.420| 0.661|-15.21| 2.210| 2.746|  1.51|-0.14|3213|PHX|-| 0.19|-| 0.003|-| 0.14|18494929-2350101|0
2MASS J18545365+1058401|All|PM I18548+1058  |      |1043|1399|1|18 54 53.7|+10 58 40|       |    | 0.009| 0.123| 9.63|APASS|10.73| 9.63|10.38| 9.10| 8.21| 6.701| 6.057| 5.893|B|K7|S| 0.863| 0.832| 0.922| -2.61| 1.045| 0.614| -0.71| 0.17|3990|PHX| | 0.59| | 0.077| | 0.63|18545365+1058401|0
2MASS J18545381+1058434|All|PM I18548+1058  |      |1043|1399|1|18 54 53.7|+10 58 40|       |    | 0.009| 0.123| 9.63|APASS|10.73| 9.63|10.38| 9.10| 8.21| 6.701| 6.057| 5.893|B|K7|S| 0.863| 0.832| 0.922| -2.61| 1.045| 0.614| -0.71| 0.17|3990|PHX| | 0.59| | 0.077| | 0.63|18545365+1058401|0
2MASS J19070556+2053168|All|PM I19070+2053  | 93873|1598| 325|1|19 07 05.6|+20 53 16| 0.1174|VL07|-0.481|-0.346|10.81|HIPPA|     |     |     |     |     | 7.295| 6.726| 6.521|A|M3| | 0.639| 0.466| 0.729| -6.87| 1.164| 0.996| -0.02|     |3514|PHX| | 0.39| | 0.022| | 0.40|19070556+2053168|0
2MASS J19071320+2052372|All|PM I19072+2052  | 93899|1598| 578|1|19 07 13.2|+20 52 37| 0.1142|VL07|-0.482|-0.335|10.82|HIPPA|     |     |     |     |     | 7.278| 6.752| 6.517|A|M2| | 0.601| 0.543| 0.774| -6.56| 1.231| 1.412| -0.11|     |3543|PHX| | 0.41| | 0.024| | 0.42|19071320+2052372|0
2MASS J19074283+3232396|All|PM I19077+3232  |      |    |    | |19 07 43.0|+32 32 41|       |    | 1.222| 1.107|11.04|USNOB|     |     |     |     |     | 7.242| 6.665| 6.416|A|M4| | 0.463| 0.444| 0.688|-11.85| 1.373| 2.459| -0.17|     |3382|PHX| | 0.31| | 0.012| | 0.29|19074283+3232396|0
2MASS J19121455+0253111|All|PM I19122+0253  | 94349|    |    | |19 12 14.6|+02 53 11| 0.0978|VL07| 1.788|-0.520|11.10|HIPPA|12.62|11.27|11.79|10.63| 9.15| 7.087| 6.572| 6.294|A|M4| | 0.421| 0.444| 0.744| -7.94| 1.137| 2.029| -0.28|     |3440|PHX| | 0.35| | 0.016| | 0.34|19121455+0253111|0
2MASS J19165526+0510086|All|PM I19169+0510  | 94761| 472|1252|1|19 16 55.3|+05 10 08| 0.1704|VL07|-0.579|-1.332| 9.13|HIPPA|10.59| 9.47|     |     | 7.57| 5.583| 4.929| 4.673|A|M3|S| 0.569| 0.539| 0.788| -7.65| 1.175| 1.221| -0.41| 0.10|3557|PHX| | 0.42| | 0.025| | 0.43|19165526+0510086|0
2MASS J19165762+0509021|All|PM I19169+0510  | 94761| 472|1252|1|19 16 55.3|+05 10 08| 0.1704|VL07|-0.579|-1.332| 9.13|HIPPA|10.59| 9.47|     |     | 7.57| 5.583| 4.929| 4.673|A|M3|S| 0.569| 0.539| 0.788| -7.65| 1.175| 1.221| -0.41| 0.10|3557|PHX| | 0.42| | 0.025| | 0.43|19165526+0510086|0
2MASS J19203346-0739435|All|PM I19205-0739  |      |    |    | |19 20 33.5|-07 39 43| 0.0913|VL07|-0.061|-0.163|11.73|APASS|13.21|11.73|12.42|11.10| 9.95| 8.221| 7.661| 7.414|A|M3|S| 0.525| 0.470| 0.719|-12.11| 1.610| 1.856| -0.40|-0.16|3361|PHX| | 0.29| | 0.011| | 0.27|19203346-0739435|0
2MASS J19323790+0034390|All|PM I19326+0034  | 96121| 478| 926|1|19 32 37.9|+00 34 39| 0.0445|VL07| 0.221| 0.024|10.54|HIPPA|11.83|10.57|11.16| 9.84| 9.10| 7.635| 7.045| 6.808|A|M0|S| 0.836| 0.783| 0.894| -2.44| 0.803| 0.659| -0.40|-0.21|3925|PHX| | 0.57| | 0.067| | 0.61|19323790+0034390|0
2MASS J19343982+0434572|All|PM I19346+0434  | 96285| 486|4483|1|19 34 39.8|+04 34 57| 0.0693|VL07| 0.527| 0.311| 9.43|HIPPA|10.66| 9.69|     |     | 8.19| 6.714| 6.142| 5.918|A|M0| | 0.874| 0.828| 0.921| -0.46| 0.385| 0.876| -0.55|     |4170|PHX| | 0.63| | 0.110| | 0.67|19343982+0434572|0
2MASS J19462386+3201021|All|PM I19464+3200  | 97292|    |    | |19 46 23.9|+32 01 01| 0.0735|VL07| 0.462|-0.387| 9.82|HIPPA|     |     |     |     |     | 6.883| 6.215| 6.041|A|  | |      |      |      |      |      |      |      |     |3893|V-J| | 0.56| | 0.063| | 0.60|19462386+3201021|0
2MASS J19462414+3200585|All|PM I19464+3200  | 97292|    |    | |19 46 23.9|+32 01 01| 0.0735|VL07| 0.462|-0.387| 9.82|HIPPA|     |     |     |     |     | 6.883| 6.215| 6.041|A|  | |      |      |      |      |      |      |      |     |3893|V-J| | 0.56| | 0.063| | 0.60|19462386+3201021|0
2MASS J19535443+4424541|All|PM I19539+4424W |      |    |    | |19 53 54.5|+44 24 53| 0.2279|Sm10| 0.397|-0.477|13.04|USNOB|     |     |     |     |     | 7.791| 7.194| 6.854|A|M7| | 0.266| 0.300| 0.572|-18.93| 2.750| 5.615|  3.04|     |3000|PHX|-| 0.19|-| 0.003|-| 0.14|19535443+4424541|0
2MASS J19535508+4424550|All|PM I19539+4424E |      |    |    | |19 53 55.1|+44 24 54| 0.2202|Ha93| 0.397|-0.477|14.65|USNOB|     |     |     |     |     | 8.275| 7.728| 7.387|A|M7| | 0.243| 0.297| 0.573|-22.04| 2.896| 5.909|  3.79|     |2944|PHX|-| 0.19|-| 0.003|-| 0.14|19535508+4424550|0
2MASS J20135335-4509506|All|PM I20138-4509  | 99701|8392|2673|1|20 13 53.4|-45 09 50| 0.1613|VL07| 0.780|-0.160| 8.04|HIPPA|     |     |     |     |     | 5.122| 4.525| 4.281|A|M0| | 0.804| 0.758| 0.882| -3.66| 0.295| 0.330| -0.45|     |3865|PHX| | 0.55| | 0.059| | 0.59|20135335-4509506|0
2MASS J20294834+0941202|All|PM I20298+0941  |      |    |    | |20 29 48.3|+09 41 20| 0.1342|Di14| 0.665| 0.138|13.10|APASS|14.83|13.10|13.90|12.44|10.71| 8.228| 7.666| 7.307|A|M5|S| 0.387| 0.387| 0.650|-16.56| 2.488| 3.325|  2.95|     |3128|PHX|-| 0.19|-| 0.003|-| 0.14|20294834+0941202|0
2MASS J20303207+6526586|All|PM I20305+6526  |101180|4241|  32|1|20 30 32.0|+65 26 58| 0.1251|VL07| 0.443| 0.283|10.57|HIPPA|     |     |     |     |     | 6.735| 6.136| 5.933|A|M3| | 0.546| 0.530| 0.768| -6.66| 0.938| 1.566|  0.01|     |3473|PHX| | 0.37| | 0.018| | 0.37|20303207+6526586|0
2MASS J20403364+1529572|All|PM I20405+1529  |      |    |    | |20 40 33.9|+15 29 58| 0.1145|Di14| 1.323| 0.667|13.34|APASS|15.17|13.34|14.20|12.71|11.00| 8.641| 8.075| 7.749|A|M5|S| 0.376| 0.402| 0.708|-15.68| 2.454| 2.974| -0.44| 0.31|3094|PHX|-| 0.19|-| 0.003|-| 0.14|20403364+1529572|0
2MASS J20415111-3226073|All|PM I20418-3226  |102141|7460| 137|1|20 41 51.2|-32 26 06| 0.0935|VL07| 0.270|-0.366|10.17|HIPPA|11.81|10.46|11.00| 9.73| 8.11| 5.807| 5.201| 4.944|C|M4| | 0.399| 0.433| 0.688|-10.49| 1.456| 2.447| 10.60|     |3310|PHX| | 0.25| | 0.007| | 0.22|20415111-3226073|0
2MASS J20450403+4429562|All|PM I20450+4429  |102401|3178| 633|1|20 45 04.1|+44 29 56| 0.0812|VL07| 0.433| 0.273|10.85|HIPPA|     |     |     |     |     | 7.329| 6.769| 6.533|A|M2| | 0.657| 0.590| 0.819| -5.00| 1.223| 1.040| -0.05|     |3607|PHX| | 0.44| | 0.030| | 0.47|20450403+4429562|0
2MASS J20450949-3120266|All|PM I20451-3120  |102409|7457| 641|1|20 45 09.5|-31 20 27| 0.1009|VL07| 0.280|-0.361| 8.76|HIPPA|     |     |     |     |     | 5.436| 4.831| 4.529|A|M1|S| 0.710| 0.660| 0.838| -6.13| 0.931| 1.005|  2.18|-0.12|3742|PHX| | 0.51| | 0.044| | 0.54|20450949-3120266|0
2MASS J20531977+6209156|All|PM I20533+6209  |103096|4251| 655|1|20 53 19.8|+62 09 15| 0.1419|VL07| 0.002|-0.775| 8.63|HIPPA|     |     |     |     |     | 5.429| 4.919| 4.618|A|M1|S| 0.731| 0.673| 0.854| -5.50| 1.001| 0.865| -0.48|-0.10|3843|PHX| | 0.54| | 0.056| | 0.58|20531977+6209156|0
2MASS J21171534-3852022|All|PM I21172-3852  |105090|    |    | |21 17 15.3|-38 52 02| 0.2534|VL07|-3.260|-1.146| 6.75|HIPPA|     |     |     |     |     | 4.046| 3.256| 3.100|A|M1| | 0.818| 0.772| 0.891| -2.77| 0.636| 0.375| -0.49|     |3776|PHX| | 0.52| | 0.048| | 0.56|21171534-3852022|0
2MASS J21293671+1738353|All|PM I21296+1738  |106106|1668| 637|1|21 29 36.8|+17 38 35| 0.1491|VL07| 1.007| 0.377|10.30|HIPPA|11.92|10.42|11.13| 9.72| 8.34| 6.249| 5.737| 5.453|A|M4| | 0.485| 0.464| 0.731|-10.13| 1.472| 1.733| -0.18|     |3440|PHX| | 0.35| | 0.016| | 0.34|21293671+1738353|0
2MASS J21311859-0947263|All|PM I21313-0947  |106255|    |    | |21 31 18.6|-09 47 26| 0.1205|VL07| 1.166|-0.062|11.95|HIPPA|     |     |     |     |     | 7.316| 6.701| 6.379|A|M5|S| 0.401| 0.414| 0.720|-15.13| 2.208| 2.678|  0.18|     |3100|PHX|-| 0.19|-| 0.003|-| 0.14|21311859-0947263|0
2MASS J21333397-4900323|All|PM I21335-4900  |106440|    |    | |21 33 34.0|-49 00 32| 0.2019|VL07|-0.046|-0.818| 8.70|HIPPA|10.44| 9.64|10.49| 9.19| 7.86| 5.349| 4.766| 4.501|A|M2| | 0.630| 0.580| 0.796| -6.20| 0.899| 0.745| -0.14|     |3522|PHX| | 0.40| | 0.022| | 0.41|21333397-4900323|0
2MASS J21535901+4146443|All|PM I21539+4146  |108092|3193|2052|1|21 53 59.0|+41 46 44| 0.0431|VL07| 0.384|-0.357|10.41|HIPPA|11.61|10.40|11.05| 9.83| 9.07| 7.572| 6.907| 6.765|A|M0| | 0.771| 0.774| 0.899| -3.03| 0.980| 0.752| -0.61|     |4059|PHX| | 0.61| | 0.089| | 0.65|21535901+4146443|0
2MASS J22011310+2818248|All|PM I22012+2818  |108706|    |    | |22 01 13.1|+28 18 24| 0.1123|VL07| 0.374| 0.037|11.97|HIPPA|13.68|12.07|12.78|11.40| 9.82| 7.635| 7.035| 6.777|A|M4| | 0.414| 0.403| 0.651|-13.15| 2.046| 2.734|  6.20|     |3206|PHX|-| 0.19|-| 0.003|-| 0.14|22011310+2818248|0
2MASS J22021026+0124006|All|PM I22021+0124  |108782| 558|1540|1|22 02 10.3|+01 24 00| 0.0976|VL07|-0.455|-0.279| 9.23|HIPPA|10.64| 9.37| 9.98| 8.84| 7.79| 6.196| 5.562| 5.322|A|M1| | 0.748| 0.709| 0.872| -3.49| 1.043| 0.808| -0.41|     |3882|PHX| | 0.56| | 0.061| | 0.60|22021026+0124006|0
2MASS J22022935-3704512|All|PM I22024-3704  |      |    |    | |22 02 29.4|-37 04 51| 0.1343|He06| 0.889|-0.229|11.82|APASS|13.36|11.82|12.48|11.13| 9.69| 7.602| 7.015| 6.718|A|M4| | 0.562| 0.455| 0.731|-15.05| 0.841| 1.318|  0.39|     |3425|PHX| | 0.34| | 0.015| | 0.33|22022935-3704512|0
2MASS J22094029-0438267|All|PM I22096-0438  |109388|5227|1521|1|22 09 40.3|-04 38 26| 0.1099|VL07| 1.130|-0.019|10.37|HIPPA|11.86|10.48|11.09| 9.77| 8.49| 6.510| 5.899| 5.594|A|M3|S| 0.516| 0.502| 0.774| -8.38| 1.481| 1.474| -0.52| 0.25|3551|PHX| | 0.41| | 0.025| | 0.43|22094029-0438267|0
2MASS J22230696-1736250|All|PM I22231-1736  |      |    |    | |22 23 07.0|-17 36 25| 0.1344|VA95| 0.295|-0.716|13.31|APASS|15.11|13.31|14.09|12.63|10.77| 8.242| 7.638| 7.319|A|M5|S| 0.367| 0.380| 0.679|-17.54| 2.714| 3.597|  2.63| 0.31|3162|PHX|-| 0.19|-| 0.003|-| 0.14|22230696-1736250|2
2MASS J22275958+5741453|All|PM I22279+5741W |110893|    |    | |22 27 59.5|+57 41 45| 0.2499|VL07|-0.865|-0.462| 9.57|HIPPA|11.28| 9.84|10.53| 9.27| 7.94| 5.575| 5.038| 4.777|A|  | |      |      |      |      |      |      |      |     |3406|V-J| | 0.32| | 0.014| | 0.31|22275958+5741453|0
2MASS J22275958+5741453|All|PM I22279+5741W |110893|    |    | |22 27 59.5|+57 41 45| 0.2499|VL07|-0.865|-0.462| 9.57|HIPPA|11.28| 9.84|10.53| 9.27| 7.94| 5.575| 5.038| 4.777|A|  | |      |      |      |      |      |      |      |     |3406|V-J| | 0.32| | 0.014| | 0.31|22275958+5741453|0
2MASS J22325677+5347405|All|PM I22329+5347  |      |    |    | |22 32 56.7|+53 47 40| 0.0431|VA95| 1.369| 0.112|10.25|APASS|11.46|10.25|10.91| 9.64| 9.00| 7.458| 6.915| 6.686|A|K7| | 0.891| 0.878| 0.957| -0.35| 0.265| 0.385| -0.56|     |4142|PHX| | 0.63| | 0.104| | 0.66|22325677+5347405|0
2MASS J22384530-2036519|All|PM I22387-2037  |111802|6392|1077|1|22 38 45.6|-20 37 16| 0.1150|VL07| 0.449|-0.080| 9.13|HIPPA|10.51| 9.54|     |     | 7.54| 5.669| 5.108| 4.800|A|M2|S| 0.656| 0.591| 0.792| -7.92| 1.302| 1.204|  1.62|-0.07|3726|PHX| | 0.50| | 0.042| | 0.53|22384559-2037160|0
2MASS J22384559-2037160|All|PM I22387-2037  |111802|6392|1077|1|22 38 45.6|-20 37 16| 0.1150|VL07| 0.449|-0.080| 9.13|HIPPA|10.51| 9.54|     |     | 7.54| 5.669| 5.108| 4.800|A|M2|S| 0.656| 0.591| 0.792| -7.92| 1.302| 1.204|  1.62|-0.07|3726|PHX| | 0.50| | 0.042| | 0.53|22384559-2037160|0
2MASS J22464980+4420030|All|PM I22468+4420  |112460|3226|2288|1|22 46 49.7|+44 20 02| 0.1952|VL07|-0.705|-0.461|10.22|HIPPA|11.85|10.39|10.98| 9.79| 8.35| 6.106| 5.554| 5.299|A|M5| | 0.433| 0.400| 0.664|-14.85| 1.690| 2.577|  5.19|     |3262|PHX| | 0.21| | 0.005| | 0.17|22464980+4420030|0
2MASS J22531672-1415489|All|PM I22532-1415  |113020|5819|1255|1|22 53 16.7|-14 15 49| 0.2133|VL07| 0.960|-0.675|10.15|HIPPA|11.73|10.28|10.90| 9.70| 8.14| 5.934| 5.349| 5.010|A|M4|S| 0.454| 0.459| 0.744|-10.64| 1.857| 1.875| -0.37| 0.20|3321|PHX| | 0.26| | 0.008| | 0.23|22531672-1415489|0
2MASS J22554532-7527320|All|PM I22557-7527  |113229|    |    | |22 55 45.5|-75 27 31| 0.1161|VL07|-1.028|-1.061|10.37|HIPPA|     |     |     |     |     | 6.616| 6.084| 5.811|A|M3| |      |      |      |      |      |      |      |     |3569|PHX| | 0.42| | 0.026| | 0.44|22554532-7527320|0
2MASS J22562466-6003490|All|PM I22564-6003  |      |    |    | |22 56 24.7|-60 03 49| 0.0975|Ja11|-0.457|-0.912|13.99|APASS|15.70|13.99|14.76|13.37|11.55| 8.984| 8.360| 8.108|A|  | |      |      |      |      |      |      |      |     |3095|V-J|-| 0.19|-| 0.003|-| 0.14|22562466-6003490|2
2MASS J22563497+1633130|All|PM I22565+1633  |113296|1711|2453|1|22 56 34.8|+16 33 12| 0.1461|VL07|-1.034|-0.284| 8.71|HIPPA|10.07| 9.31| 9.82| 8.88| 7.60| 5.360| 4.800| 4.523|A|M2|S| 0.669| 0.626| 0.829| -5.65| 1.356| 1.044| -0.50| 0.18|3673|PHX| | 0.48| | 0.036| | 0.51|22563497+1633130|0
2MASS J23261238+0853378|All|PM I23262+0853  |115680|1162| 617|1|23 26 12.4|+08 53 37| 0.0430|VL07| 0.519| 0.213|10.65|HIPPA|11.95|10.69|11.27|10.01| 9.35| 7.763| 7.070| 6.923|A|M0|S| 0.855| 0.786| 0.897| -3.50| 0.997| 0.713| -0.44|-0.07|3901|PHX| | 0.56| | 0.064| | 0.60|23261238+0853378|0
2MASS J23301341-2023271|All|PM I23302-2023  |116003|    |    | |23 30 13.4|-20 23 27| 0.0617|VL07| 0.312|-0.207|11.06|HIPPA|12.59|11.21|11.81|10.52| 9.21| 7.200| 6.608| 6.329|A|M3|S| 0.525| 0.489| 0.735| -9.92| 1.574| 1.685|  3.44| 0.04|3481|PHX| | 0.37| | 0.019| | 0.38|23301341-2023271|0
2MASS J23315208+1956142|All|PM I23318+1956W |116132|1723|  23|1|23 31 52.2|+19 56 14| 0.1618|VL07| 0.555|-0.060|10.12|HIPPA|11.74|10.33|10.89| 9.61| 8.22| 6.162| 5.575| 5.326|A|M5| | 0.388| 0.388| 0.654|-16.09| 2.130| 3.106|  4.32|     |3122|PHX|-| 0.19|-| 0.003|-| 0.14|23315208+1956142|0
2MASS J23315244+1956138|All|PM I23318+1956E |      |    |    | |23 31 52.5|+19 56 13| 0.1618|VL07| 0.603| 0.017|12.39|ASCC2|     |     |     |     |     | 7.101| 6.555| 6.262|A|M4| | 0.480| 0.430| 0.686|-10.77| 1.245| 1.891|  4.19|     |3375|PHX| | 0.30| | 0.011| | 0.29|23315244+1956138|0
2MASS J23415498+4410407|All|PM I23419+4410  |      |    |    | |23 41 55.0|+44 10 38| 0.3157|Ga08| 0.109|-1.579|12.41|ASCC2|     |     |     |     |     | 6.884| 6.247| 5.929|A|M6| | 0.299| 0.387| 0.704|-13.06| 2.656| 4.089|  0.22|     |3005|PHX|-| 0.19|-| 0.003|-| 0.14|23415498+4410407|0
2MASS J23430628+3632132|All|PM I23431+3632  |      |    |    | |23 43 06.3|+36 32 13| 0.1236|Di14| 0.941|-0.136|12.27|USNOB|     |     |     |     |     | 8.110| 7.446| 7.226|A|M5| | 0.402| 0.412| 0.698|-14.29| 2.246| 2.687|  0.05| 0.18|3155|PHX|-| 0.19|-| 0.003|-| 0.14|23430628+3632132|0
2MASS J23491255+0224037|All|PM I23492+0224  |117473|    |    | |23 49 12.5|+02 24 04| 0.1673|VL07| 0.997|-0.968| 9.05|HIPPA|10.44| 9.58|10.25| 9.18| 7.94| 5.827| 5.282| 5.043|A|M2| | 0.653| 0.632| 0.845| -4.09| 0.181| 0.801| -0.30|     |3712|PHX| | 0.49| | 0.040| | 0.53|23491255+0224037|0
